Titre de poste ,Sex,Entreprise,Localisation,salaire MIN,salaire MAX,Salaire Moyen,Type de salaire,Salaire Annuel Calculé,Contrat
Ingénieur informatique en prestation de services (ESN),,Tana-Tech,Bordeaux,34000,50000,42000,Annuel,42000,CDI
Ingénieure /Ingénieur Système Avionique - Aix-en-Provence,,Capgemini Engineering,Aix-en-Provence,,,,,,CDI
Ingénieur en système d'information,,Avenir Business Ressource,Télétravail,35000,,17500,Annuel,17500,CDI
Ingénieur en développement informatique,H/F,Pégase Market,Le Mans,32000,,16000,Annuel,16000,CDI
Ingénieur Système - Analyseur en ligne PFTNA,,Consept,Orly,45000,55000,50000,Annuel,50000,CDI
Ingénieur Système - Analyseur en ligne PFTNA,,Noury solutions (N-Solutions),Orly,45000,55000,50000,Annuel,50000,CDI
Ingénieur Exploitation junior,H/F,PAPREC,Saint-Benoît-la-Forêt,,,,,,CDI
Ingénieur Cybersécurité,,Arsium,Villeurbanne,45000,55000,50000,Annuel,50000,CDI
Ingénieur support logiciels métier,,INFORMATIS,Suresnes,40000,50000,45000,Annuel,45000,CDI
INGÉNIEUR EN INFORMATIQUE INDUSTRIELLE ET AUTOMATISME,H/F,Eurométropole de Strasbourg,Strasbourg,,,,,,CDI
Ingénieur en informatique industrielle,H/F,SparkyFlow,Taverny,45000,50000,47500,Annuel,47500,CDI
Ingénieur / Ingénieure Cybersécurité,H/F,SCHMIDT GROUPE,Sélestat,45000,55000,50000,Annuel,50000,CDI
Ingénieur validation de données,H/F,CLEARSY,Aix-en-Provence,30000,70000,50000,Annuel,50000,CDI
Ingénieur Système Linux,H/F,ABIL NTIC,Puteaux,50000,60000,55000,Annuel,55000,CDI
Ingénieur Sécurité SI -,H/F,Ramsay Santé,Cergy,,,,,,CDI
Ingénieur support production,,OneSide Technologies,Levallois-Perret,,,,,,CDI
Ingénieur End-users devices,,INFORMATIS,Boulogne-Billancourt,46000,55000,50500,Annuel,50500,CDI
Ingénieur CyberSécurité,,Ecm-Engineering-Conception-Maintenance,Paris,40000,60000,50000,Annuel,50000,CDI
Ingénieur Support en Génie Logiciel,H/F,ville-cholet.fr,Cholet,,,,,,CDI
Ingénieur DevSecOps,H/F,LE TROT,Paris,65000,,32500,Annuel,32500,CDI
Ingénieur Exploitation Junior,H/F,Groupe Ortec,Saint-Barthélemy-d'Anjou,,,,,,CDI
Ingénieur Fonctionnel Activ-Infinite,H/F,Activus Group,Télétravail,40000,60000,50000,Annuel,50000,CDI
Ingénieur Système,H/F,KNDS,Versailles,,,,,,CDI
Ingénieure / Ingénieur support en application logistique - Strasbourg,,Capgemini Engineering,Strasbourg,,,,,,CDI
Ingénieur photovoltaïque stockage,H/F,VOLTALIA SA,Paris,,,,,,CDI
Ingénieur(e) d’études en conversion et stockage de l’énergie,H/F,Eiffage Énergie Systèmes,Nantes,,,,,,CDI
Ingénieur Test Intégration Validation,H/F,CRISTAL SOLUTIONS,Conflans-Sainte-Honorine,35000,50000,42500,Annuel,42500,CDI
Ingénieur Support,H/F,SMART AND CONNECTIVE,Valbonne,35000,,17500,Annuel,17500,CDI
Ingénieur Administrateur Support,,Nyou,Paris,43000,53000,48000,Annuel,48000,CDI
Pentester / Ingénieur cybersécurité offensive / RedTeam,,ZIWIT,Montpellier,30000,60000,45000,Annuel,45000,CDI
Ingénieur en informatique,H/F,CNRS,Villeurbanne,3000,,1500,Mensuel,18000,CDD
Ingénieur en informatique dans l'expérience LHCb LPNHE/CPPM,H/F,CNRS,Paris,3000,4000,3500,Mensuel,42000,CDD
Ingénieur en électronique et informatique industrielle,H/F,SATT AxLR OCCITANIE MEDITERRANEE,Montpellier,2000,,1000,Mensuel,12000,CDD
"Ingénieur en informatique scientifique (analyse de données, hpc, ia)",H/F,Université Paris-Saclay,Orsay,,,,,,CDD
Ingénieur(e) en cybersécurité,H/F,Université de Rouen Normandie,Mont-Saint-Aignan,2000,,1000,Mensuel,12000,CDD
Ingénieur d’étude en Informatique,H/F,UNIVERSITE DE PERPIGNAN,Tautavel,24000,28000,26000,Annuel,26000,CDD
"Ingénieur, -e en calcul scientifique pour accélérer les modèles du système Terre",H/F,CNRS,Guyancourt,3000,4000,3500,Mensuel,42000,CDD
CDD- Ingénieur Qualité Système -,H/F,Danone,Villefranche-sur-Saône,,,,,,CDD
Ingénieur microélectronique,,Aix-Marseille Université,Marseille,30000,,15000,Annuel,15000,CDD
Ingénieur Système Stockage et Virtualisation,,Espritek,Toulon,5000,,2500,Mensuel,30000,CDD
Ingénieur Système,H/F,Conseil MOA,Roissy-en-France,46000,55000,50500,Annuel,50500,CDD
Ingénieur IA,H/F,POSSON PACKAGING,Louailles,25000,29000,27000,Annuel,27000,CDD
Ingénieur Base de données animaliers,H/F,Université de Lorraine,Nancy,2000,,1000,Mensuel,12000,CDD
INGENIEUR SUPPORT PORTABLES SECURISES,H/F,Ministère de l'europe et des affaires étrangères,Nantes,39000,66000,52500,Annuel,52500,CDD
IT Network Engineer,,Tech Domain,Nantes,15.22,38.91,27.065,Horaire,49258.3,CDD
IT and Network Support Engineer,,Tech Domain,France,15,35,25,Horaire,45500,CDD
Ingénieur Cloud GCP confirmé,H/F,SCALESYS,Paris,,,,,,CDD
Network support Engineer,,Tech Domain,Entraigues-sur-la-Sorgue,30,35,32.5,Horaire,59150,CDD
INGÉNIEUR ARCHITECTE INFRASTRUCTURE SI RECHERCHE (Nouvelle fenêtre),H/F,POLE DIRECTION,Bron,,,,,,CDD
it support Engineer,,Tech Domain,Paris,30,35,32.5,Horaire,59150,CDD
Network Engineer,,Tech Domain,Lyon,15,35,25,Horaire,45500,CDD
Ingénieur de recherche – Intelligence artificielle,H/F,ICM Institut du Cerveau,Paris,42000,,21000,Annuel,21000,CDI
Ingénieur - Intelligence Artificielle embarquée,H/F,IRT Railenium,Saint-Denis,35000,,17500,Annuel,17500,CDI
Docteure / Docteur en intelligence artificielle,,Capgemini Engineering,Antibes,,,,,,CDI
Ingénieur – Intelligence Artificielle embarquée [29],H/F,Railenium,Saint-Denis,,,,,,CDI
Ingénieur en data management,H/F,Société ENVIRPROD,Vernon,36000,38000,37000,Annuel,37000,CDI
"Ingénieur.e R&D en Automatique, Contrôle commande, Mathématiques Appliquées",H/F,Safran,Massy,,,,,,CDI
Docteure / Docteur en intelligence artificielle au service de l'environnement,,Capgemini Engineering,Paris,,,,,,CDI
Ingénieur évaluation robotique / IA embarquée,H/F,Laboratoire National de Métrologie et d'Essais (LNE),Trappes,,,,,,CDI
Ingénieur-e en validation et vérification FPGA,H/F,Safran,Éragny,,,,,,CDI
INGÉNIEUR EN DÉVELOPPEMENT JAVA SPRING BOOT (H/F/X),H/F,IT link,Montpellier,40000,45000,42500,Annuel,42500,CDI
Ingénieur d’Affaires,H/F,Seenovate,Bordeaux,,,,,,CDI
Ingénieur de recherche en méthodes formelles,H/F,ONERA,Palaiseau,40000,60000,50000,Annuel,50000,CDI
Ingénieur-e mécanique BE Parachutes,H/F,Safran,Massy,,,,,,CDI
Ingénieur Qualité Client,H/F,Safran,Mantes-la-Jolie,,,,,,CDI
Ingénieur-e développement logiciel embarqué,H/F,Safran,Massy,,,,,,CDI
Ingénieur BI – Strasbourg,H/F,HARA Solidarity Consulting,Strasbourg,,,,,,CDI
Ingénieur Qualité Fournisseur,H/F,Safran,Besançon,,,,,,CDI
Ingénieur Projet,H/F,FONCTION:SUPPORT,Grenoble,28000,33000,30500,Annuel,30500,CDI
Jeune Docteur coordinatrice / coordinateur en IA et sciences de données TOULOUSE,,Capgemini Engineering,Aix-en-Provence,,,,,,CDI
Docteure / Docteur en génie industriel,,Capgemini Engineering,Toulouse,,,,,,CDI
Ingénieur Qualité Développement Aéronautique,H/F,Safran,Massy,,,,,,CDI
INGÉNIEUR(E) EXPERT(E) EN TECHNOLOGIES DE L'INFORMATION,H/F,CNIL,Paris,45000,65000,55000,Annuel,55000,CDI
INGÉNIEUR(E) IA AU SERVICE DE L’INTELLIGENCE ARTIFICIELLE,H/F,CNIL,Paris,45000,65000,55000,Annuel,55000,CDI
Ingénieur-e Assurance Qualité Fournisseurs,H/F,Safran,Auxerre,,,,,,CDI
Ingénieur-e Performance et Simulation Missile,H/F,Safran,Éragny,,,,,,CDI
Ingénieur Logiciels Embarqués,H/F,Activus Group,Lyon,,,,,,CDI
Docteure / Docteur en télédétection & computer vision - Toulouse,,Capgemini Engineering,Toulouse,,,,,,CDI
Docteur coordinatrice / coordinateur en informatique et télécommunication,,Capgemini Engineering,Paris,,,,,,CDI
Ingénieur Développement Fullstack - GO/VueJS,,OneStock,Toulouse,,,,,,CDI
Ingénieur-e Assurance Qualité Production,H/F,Safran,Auxerre,,,,,,CDI
Ingénieur de recherche en intelligence artificielle (f/h),H/F,Université Grenoble Alpes,Grenoble,2000,,1000,Mensuel,12000,CDD
Ingénieur Data Scientist / Développeur en Modélisation Statistique,H/F,Inria,Montbonnot-Saint-Martin,3000,,1500,Mensuel,18000,CDD
Post-doctorant en Bioinformatique et en Intelligence Artificielle,H/F,CNRS,Strasbourg,3000,4000,3500,Mensuel,42000,CDD
Ingénieur de recherche en génie logiciel pour les modèles émergents en IA,H/F,CEA,Grenoble,,,,,,CDD
Chargé.e d’animation du Programme National de Recherche en Intelligence Artificielle,,Inria,Le Chesnay,,,,,,CDD
Ingénieur IA,H/F,POSSON PACKAGING,Louailles,25000,29000,27000,Annuel,27000,CDD
INGENIEUR.E TRANSFERT MATHEMATIQUE,H/F,CNRS,Rennes,3000,,1500,Mensuel,18000,CDD
DATA SCIENTIST,H/F,Civils de la Défense,Paris,,,,,,CDD
Coordinateur pédagogique,H/F,GIPAL-Formation,Lyon,24000,,12000,Annuel,12000,CDD
Assistant administratif,H/F,CNS Communications,Lyon,,,,,,CDD
Ingénieur Transfert dans le cadre du PUI PSL INNOVATION,H/F,CNRS,Paris,35000,,17500,Annuel,17500,CDD
Durabilité des conduites en galerie – Cas de la fonte grise et de la fonte ductile,,ENGEES/ icube,Strasbourg,,,,,,CDD
Post-Doctorant Flux de matières nationaux et internationaux des filières agri-alimentaires et empreintes environnementales associées,H/F,Inria,Montbonnot-Saint-Martin,3000,,1500,Mensuel,18000,CDD
Apprentissage profond pour une reconstruction explicable et efficiente d'IRM dynamiques // Deep Learning for Explainable and Efficient Dynamic MRI Reconstruction,,Université Paris-Saclay GS Sciences de l'ingénierie et des systèmes,Orsay,,,,,,CDD
Modèle de langage et reconstruction 3D neurale pour la navigation autonome d'un robot,H/F,CEA,Palaiseau,,,,,,CDD
"Ingénieur biomédical Manager de l'exploitation, de projets biomédicaux et d'informatique biomédicale - GHRE",H/F,Site hospitalier Broussais,Saint-Malo,,,,,,CDD
Chargé de projet cofund demythif ai,H/F,Université Paris-Saclay,Gif-sur-Yvette,,,,,,CDD
CDD - Talent Acquisition Specialist,H/F,Naval Group,Cherbourg-Octeville,,,,,,CDD
Directeur/ice adjoint/e du Challenge sur l’évaluation des systèmes d’IA d’usage général,,Inria,Le Chesnay,,,,,,CDD
Responsable du service gestion financière des contrats,H/F,Grenoble-INP,Grenoble,3000,,1500,Mensuel,18000,CDD
Post-doctorat : Développement librairie mathématiques Splines multi-niveaux,H/F,CEA,Saclay,,,,,,CDD
Products & Systems Engineer,,Capgemini Engineering,Paris,,,,,,CDI
Junior Power Systems Software Engineer,,Artelys,Paris,,,,,,CDI
Software Engineer (trading),H/F,Constella,Courbevoie,,,,,,CDI
Systems Engineer,H/F,Schneider Electric,Grenoble,,,,,,CDI
Process Engineer,H/F,Elogen,Massy,,,,,,CDI
Products & Systems Engineer,,Capgemini Engineering,Paris,,,,,,CDD
Junior Power Systems Software Engineer,,Artelys,Paris,,,,,,CDD
Software Engineer (trading),H/F,Constella,Courbevoie,,,,,,CDD
Systems Engineer,H/F,Schneider Electric,Grenoble,,,,,,CDD
Process Engineer,H/F,Elogen,Massy,,,,,,CDD
Utilisation LLMs pour la spécification des politiques de partage des donnée - CDD - Paris-Saclay,H/F,CEA,Palaiseau,,,,,,CDD
Machine Learning Research Scientist for Robotics,,NAVER LABS Europe,Grenoble,,,,,,CDI
"Computer Vision ML, Data scientist",,Sightengine,Télétravail,,,,,,CDI
STAGIAIRE DATA SCIENTIST - Lutte contre la Fraude Machine Learning & Data Science,H/F,Malakoff Humanis,Paris,,,,,,CDI
Data Scientist en STAGE ou ALTERNANCE,H/F,HIMYDATA,Uckange,,,,,,CDI
Data Scientist,H/F,Cleeven Se,Biot,25000,40000,32500,Annuel,32500,CDI
Analytics Engineer,,Ornikar,Paris,50000,57000,53500,Annuel,53500,CDD
Analytics Engineer - Data Analyst,,Licorne Society,Paris,,,,,,CDD
Stage M2 - Data / Analytics Engineer - Paris,H/F,AVISIA,Paris,,,,,,CDD
Analytics Engineer - CDD - Paris,,papernest,Paris,,,,,,CDD
CDI - Analytics Engineer (F/H/X),H/F,Sephora,Neuilly-sur-Seine,,,,,,CDD
Data Engineer - 2 ans d'expérience,H/F,Chouette,Paris,45000,,22500,Annuel,22500,CDI
Data Engineer,H/F,ULTRA PREMIUM DIRECT,Bordeaux,,,,,,CDI
Cloud Sustainability Engineer,H/F,CLOUD TEMPLE,Caen,,,,,,CDI
Offre de CDI de Data Engineer MLOps en audio,,Reef Pulse,France,40000,55000,47500,Annuel,47500,CDI
IT Infrastructure and Operations Manager,,Alice & Bob,Paris,,,,,,CDI
Senior Cloud Architect / Devops,,Sensewaves,Paris,,,,,,CDI
Ingénieur exploitation - h/f,H/F,CLS,Ramonville-Saint-Agne,,,,,,CDI
Post-Doctoral Research Visit F/M Control for frugality and resilience of software components: hierarchical and distributed approaches,,Inria,Grenoble,,,,,,CDD
Stage – Développeur Cloud,,SpikeeLabs,Nantes,,,,,,CDD
Alternance - Administrateur Solution Microsoft & Cloud,H/F,Clasquin,Lyon,,,,,,CDD
Alternant-e DevOps Cloud –,H/F,Safran,Colomiers,,,,,,CDD
Ingénieur Production Cloud/DevOps – CDI,H/F,I-TRACING,Courbevoie,,,,,,CDD
Stage de développement application web,,InnovQube,Télétravail,1,,0.5,Mensuel,6,CDD
Data Scientist,H/F,I-facilities,Plaisir,62000,67000,64500,Annuel,64500,CDI
STAGE - INTELLIGENCE ARTIFICIELLE ET DATA SCIENCE ...,,Equans,Nantes,,,,,,CDI
Stage R&D- Ingénieur Data Science ou Informatique,H/F,Diagnostica Stago,Gennevilliers,,,,,,CDI
STAGE 2025 - Stage en data science LLM (ALL GENDER),,Airbus Defence and Space SAS,Toulouse,,,,,,CDI
Data Science Intern,,AUROBAC THERAPEUTICS,Lyon,,,,,,CDI
Data Scientist,H/F,I-facilities,Plaisir,62000,67000,64500,Annuel,64500,CDD
STAGE - INTELLIGENCE ARTIFICIELLE ET DATA SCIENCE ...,,Equans,Nantes,,,,,,CDD
Stage R&D- Ingénieur Data Science ou Informatique,H/F,Diagnostica Stago,Gennevilliers,,,,,,CDD
STAGE 2025 - Stage en data science LLM (ALL GENDER),,Airbus Defence and Space SAS,Toulouse,,,,,,CDD
Data Science Intern,,AUROBAC THERAPEUTICS,Lyon,,,,,,CDD
Conseiller Services Assurance Maladie,H/F,CPAM DE LA COTE D'OPALE,Calais,2000,,1000,Mensuel,12000,CDI
Téléconseiller en assurance,H/F,Owliance - Tessi,Reims,2000,,1000,Mensuel,12000,CDI
"Agent ou agente de la relation client bord, SVEA Amiens",,SNCF Voyageurs,Amiens,27000,30000,28500,Annuel,28500,CDI
Courtier en assurance,H/F,Ben's finance & Insurance,Paris,1000,4000,2500,Mensuel,30000,CDI
SAISONNIERS EMPLOYÉ POLYVALENT MAGASIN LE MANS,H/F,SMYTHS TOYS FRANCE,La Chapelle-Saint-Aubin,21000,,10500,Annuel,10500,CDI
Conseiller Services Assurance Maladie,H/F,CPAM DE LA COTE D'OPALE,Calais,2000,,1000,Mensuel,12000,CDD
Téléconseiller en assurance,H/F,Owliance - Tessi,Reims,2000,,1000,Mensuel,12000,CDD
"Agent ou agente de la relation client bord, SVEA Amiens",,SNCF Voyageurs,Amiens,27000,30000,28500,Annuel,28500,CDD
Courtier en assurance,H/F,Ben's finance & Insurance,Paris,1000,4000,2500,Mensuel,30000,CDD
SAISONNIERS EMPLOYÉ POLYVALENT MAGASIN LE MANS,H/F,SMYTHS TOYS FRANCE,La Chapelle-Saint-Aubin,21000,,10500,Annuel,10500,CDD
Ingénieur Process & Amélioration Continue,H/F,Barry Callebaut,Louviers,,,,,,CDI
Ingénieur électronique logiciel embarqué,H/F,SparkyFlow,Marseille,37000,44000,40500,Annuel,40500,CDI
Ingénieur vision industrielle,H/F,SparkyFlow,Marseille,37000,44000,40500,Annuel,40500,CDI
Ingénieur ou Ingénieure Essayeur Dépanneur,,SNCF Cadres,Tergnier,35000,45000,40000,Annuel,40000,CDI
Ingénieur généraliste,H/F,SparkyFlow,Marseille,37000,44000,40500,Annuel,40500,CDI
Ingénieur en automatisme,H/F,NOVAXIOM,Lyon,32000,48000,40000,Annuel,40000,CDI
Ingénieur Automaticien,H/F,NGen,Lyon,35000,47000,41000,Annuel,41000,CDI
INGÉNIEURE/INGÉNIEUR AUTOMATICIEN PARIS,,Capgemini Engineering,Paris,,,,,,CDI
Ingénieur Méthodes - Nanterre 92,H/F,VINCI Energies Young Talents Days,Nanterre,,,,,,CDI
Ingénieur Automaticien et Roboticien,H/F,Eiffage Énergie Systèmes,Mondeville,,,,,,CDI
Ingénieur Etudes,H/F,PJE Consulting,Mulhouse,60000,70000,65000,Annuel,65000,CDI
Ingénieur Électrotechnique,H/F,ville-cholet.fr,Cholet,,,,,,CDI
Ingénieure / Ingénieur projet nucléaire,,Capgemini Engineering,Lyon,,,,,,CDI
Ingénieur moyens de test,H/F,Safran,Méru,,,,,,CDI
Ingénieur d'Etudes - Automatismes,H/F,DEDIENNE AEROSPACE,Toulouse,40000,50000,45000,Annuel,45000,CDI
Ingénieur Système Electrotechnique,H/F,CRDL,Étupes,,,,,,CDI
Ingénieur·e développement powertrain,,CIXI,Poisy,,,,,,CDI
Ingénieur(e) automaticien(ne),,Eiffage Énergie Systèmes,Clichy,,,,,,CDI
Ingénieur Électrotechnique,H/F,ville-cholet.fr,Cholet,,,,,,CDI
Ingénieur études électriques,H/F,B-HIVE,Paris,35000,40000,37500,Annuel,37500,CDI
Ingénieur études électriques,H/F,B-HIVE,Le Havre,,,,,,CDI
Ingénieur Automaticien Pharmaceutique - Strasbourg -,H/F,Capgemini Engineering,Strasbourg,,,,,,CDI
Ingénieur en électronique,H/F,Cabinet Alpes Compétences,Chambéry,37000,,18500,Annuel,18500,CDI
Ingénieur bureau d'études,H/F,SNEF,Berre-l'Étang,,,,,,CDI
Ingénieur Maintenance,H/F,NEWSLOT,Peynier,30000,37000,33500,Annuel,33500,CDI
Ingénieure / Ingénieur d’Affaires,,Rubix,Strasbourg,,,,,,CDI
Ingénieur équipements et maintenance,H/F,SparkyFlow,Peynier,40000,42000,41000,Annuel,41000,CDI
Ingénieur métrologue électrique,H/F,PRODIGYUS,Valenciennes,30000,50000,40000,Annuel,40000,CDI
Ingénieur Assurance Qualité Fournisseur,H/F,Mafelec,Chimilin,,,,,,CDI
Ingénieur Conception Schémas Électriques (aéronautique / défense),,LR Technologies,Créteil,38000,44000,41000,Annuel,41000,CDI
Assistant Ingénieur d'Exploitation d'Instrument,H/F,CNRS,Caen,2000,,1000,Mensuel,12000,CDD
Ingénieur.e en automatique / électronique,H/F,SATT Aquitaine,Pau,30000,,15000,Annuel,15000,CDD
Chargé/e de mission émergence innovations deeptech,H/F,SATT Nord,Lille,,,,,,CDD
[UT] Responsable pôle méthodes,H/F,Université fédérale Toulouse Midi-Pyrénées,Toulouse,,,,,,CDD
Superviseur maintenance industrielle - Usine de Dunkerque - CDD,H/F,Coca-Cola Europacific Partners,France,,,,,,CDD
Technicien de Maintenance Biomédicale,H/F,Hospices Civils de Lyon - HCL,Lyon,,,,,,CDD
Technicien Supérieur d'Exploitation d'Instrument réf N°393,H/F,Ganil,Caen,2000,,1000,Mensuel,12000,CDD
Ingénieur génie civil,H/F,Leaf Ingenierie,Boulogne-Billancourt,30000,60000,45000,Annuel,45000,CDI
Ingénieur méthodes Terrassement - Génie Civil - CDI,H/F,Eiffage,Penly,,,,,,CDI
Ingénieur méthodes - Génie Civil Grands Projets - CDI,H/F,Eiffage,Saint-Jean-de-la-Porte,,,,,,CDI
Ingénieur d’Etudes Génie Civil,H/F,Edvance,Montrouge,39000,48000,43500,Annuel,43500,CDI
Ingénieur Génie Civil,,Cleeven Se,Biot,25000,45000,35000,Annuel,35000,CDI
Ingénieure/ Ingénieur chercheur en génie civil,H/F,EDF,Saclay,45000,55000,50000,Annuel,50000,CDI
Ingénieur Génie Civil - Matériaux,H/F,Edvance,Montrouge,43000,50000,46500,Annuel,46500,CDI
Ingénieur études Génie Civil,H/F,ECP - Euro Contrôle Projet,Cherbourg-Octeville,,,,,,CDI
Ingénieur Génie Civil Conception Bâtiment,H/F,Edvance,Montrouge,40000,48000,44000,Annuel,44000,CDI
Ingénieur Génie Civil,H/F,ADSOM,Paris,35000,,17500,Annuel,17500,CDI
Ingénieur travaux - Génie Civil Ligne 15 - CDI,H/F,Eiffage,Saint-Denis,,,,,,CDI
Ingénieure/Ingénieur Génie Civil - LYON,,Capgemini Engineering,Lyon,,,,,,CDI
Ingénieur Calcul Structures Génie Civil,H/F,ADIWATT,Fontaine-Raoul,,,,,,CDI
Ingénieur en génie civil,H/F,EFOR GROUP,Champagne-au-Mont-d'Or,31000,50000,40500,Annuel,40500,CDI
Ingénieur méthodes Génie Civil,H/F,ECP - Euro Contrôle Projet,Cherbourg-Octeville,,,,,,CDI
Ingénieur Génie Civil,H/F,B-HIVE,Marseille,,,,,,CDI
Ingénieur méthodes - Génie Civil - CDI,H/F,Eiffage,Vitrolles,,,,,,CDI
Chargé Développement Durable - Génie Civil - CDI,H/F,Eiffage,Vélizy-Villacoublay,,,,,,CDI
Ingénieur génie civil,H/F,Bee Engineering,Marseille,33000,45000,39000,Annuel,39000,CDI
Chargé d’innovation - Génie Civil - CDI,H/F,Eiffage,Vélizy-Villacoublay,,,,,,CDI
Assistant Bureau d'études Génie Civil,H/F,Mansearch Recrutement,Brie-Comte-Robert,33000,38000,35500,Annuel,35500,CDI
Ingénieur Reporting - Génie Civil Infra Linéaires - CDI,H/F,Eiffage,Penly,,,,,,CDI
Ingénieur(e) travaux génie civil,,UCETIA Consulting,La Garenne-Colombes,34000,45000,39500,Annuel,39500,CDI
Ingénieur Projets Génie Civil - Structure Toulouse ou Paris,,PertinAnce Technologies,Toulouse,52000,65000,58500,Annuel,58500,CDI
Coordinateur études travaux - Génie Civil - CDI,H/F,Eiffage,Neuilly-sur-Marne,,,,,,CDI
Ingénieur Génie Civil - Méthode BIM,H/F,Edvance,Montrouge,40000,50000,45000,Annuel,45000,CDI
Chargé.e d'études génie civil,H/F,Cyclife engineering GROUPE EDF,Lyon,,,,,,CDI
Ingénieur Etudes de prix Génie Civil,H/F,Groupe NGE,Libourne,,,,,,CDI
Responsable achats - Génie civil - CDI,H/F,Eiffage,Penly,,,,,,CDI
Ingénieur(e) Etudes Génie Civil Industriel,H/F,orano,Bagnols-sur-Cèze,,,,,,CDI
Ingénieur / Ingénieure en techniques biologiques,H/F,CNRS,Marseille,2000,3000,2500,Mensuel,30000,CDD
Assistant Ingénieur en techniques biologiques,H/F,CNRS,Gif-sur-Yvette,2000,3000,2500,Mensuel,30000,CDD
Ingénieur en techniques biologiques,,Inserm,Nice,2000,,1000,Mensuel,12000,CDD
Ingénieur / Ingénieure en techniques biologiques du muscle,H/F,CNRS,Marseille,2000,3000,2500,Mensuel,30000,CDD
Ingénieur-e en techniques biologiques,H/F,CNRS,Paris,2000,3000,2500,Mensuel,30000,CDD
Ingénieur / ingénieure en techniques biologies,H/F,CNRS,Nice,2000,3000,2500,Mensuel,30000,CDD
Ingénieur-e en techniques biologiques,,Inserm,Créteil,2000,,1000,Mensuel,12000,CDD
H/F Ingénieur en techniques biologiques,H/F,CNRS,Marseille,3000,4000,3500,Mensuel,42000,CDD
Ingénieur en techniques biologistes,,Université du Littoral Côte d'Opale (ULCO),Boulogne-sur-Mer,3000,,1500,Mensuel,18000,CDD
Ingénieur en techniques biologiques,H/F,Université de Montpellier,Montpellier,2000,,1000,Mensuel,12000,CDD
Assistant Ingénieur en techniques et analyses biologiques,,Inserm,Nice,2000,3000,2500,Mensuel,30000,CDD
Ingénieur-e en techniques biologiques,,INRAE,Lyon,2000,,1000,Mensuel,12000,CDD
Ingénieur.e d'études en techniques biologiques,H/F,Inserm,Montpellier,2000,,1000,Mensuel,12000,CDD
Ingénieur structure métallique,,GROUPE BK,Valence,,,,,,CDD
Ingénieur d'études en techniques biologiques,H/F,CNRS,Valbonne,2000,3000,2500,Mensuel,30000,CDD
Ingénieur structures architecturées 12 mois,H/F,ONERA,Châtillon,40000,55000,47500,Annuel,47500,CDD
Conducteur de travaux,H/F,Descamps-isofis,Saint-Étienne,40000,42000,41000,Annuel,41000,CDD
Ingénieur d'étude en techniques de spectroscopie d’absorption,H/F,CNRS,Saint-Martin-d'Hères,2000,,1000,Mensuel,12000,CDD
Assistant(e) ingénieur(e) en instrumentation et techniques expérimentale,H/F,CNRS,Orléans,2000,3000,2500,Mensuel,30000,CDD
Ingénieur stagiaire - relation structure propriétés résines méthacrylates,H/F,ENSTA bretagne,Brest,,,,,,CDD
Ingénieur·e en techniques expérimentales,H/F,Université de Lille,Tourcoing,3000,,1500,Mensuel,18000,CDD
Conducteur de travaux,H/F,supm,Le Havre,40000,42000,41000,Annuel,41000,CDD
Conducteur de travaux,H/F,Entreprise générale de bâtiment,Courbevoie,25000,35000,30000,Annuel,30000,CDD
Conducteur de travaux,H/F,L'Heudé & Associés,Orléans,,,,,,CDD
Assistante ingénieur en instrumentation et techniques expérimentales,H/F,CNRS,Orsay,2000,3000,2500,Mensuel,30000,CDD
Ingénieur en techniques d'expérimentation animale,H/F,Université Claude Bernard Lyon 1,Lyon,2000,3000,2500,Mensuel,30000,CDD
Conducteur de travaux second oeuvre,H/F,SARL MANFRÉ,Toulouse,2000,3000,2500,Mensuel,30000,CDD
Assistant conducteur travaux,H/F,Orzy Construction,Vedène,24000,27000,25500,Annuel,25500,CDD
Conducteur de travaux (Cierp-Gaud - 31) -,H/F,Office National des Forêts,Cierp-Gaud,32000,,16000,Annuel,16000,CDD
Conducteur de travaux,H/F,MV2 Architectes,Lille,32000,45000,38500,Annuel,38500,CDD
Ingénieur évaluation robotique / IA embarquée,H/F,Laboratoire National de Métrologie et d'Essais (LNE),Trappes,,,,,,CDI
Ingénieur Automatisme-Robotique,H/F,DATATECHNIC,Uxegney,,,,,,CDI
Ingénieur robotique,H/F,SparkyFlow,Taverny,45000,50000,47500,Annuel,47500,CDI
Ingénieur Robotique,H/F,CTS Corporate,Eysines,40000,,20000,Annuel,20000,CDI
Ingénieur d’étude en logiciel embarqué junior,,MICROTEC,Ramonville-Saint-Agne,36000,40000,38000,Annuel,38000,CDI
Ingénieur C++/QT/3D - Robotique/Editeur de logiciel - Paris -,H/F,EP SERVICES,Paris,50000,60000,55000,Annuel,55000,CDI
"Ingénieur Automatisme / Robotique (SIEMENS, TIA Portal, Anglais)-H/F",H/F,Twenty One Talents,Paris,30000,50000,40000,Annuel,40000,CDI
Ingénieur en robotique et automatisme,H/F,WKW France,Valréas,40000,48000,44000,Annuel,44000,CDI
Ingénieur.e de Maintenance en Robotique,,Enchanted Tools,Paris,,,,,,CDI
Ingénieur.e de Maintenance Terrain en Robotique,,Enchanted Tools,Paris,,,,,,CDI
Ingénieur performance système robotique,,Exotec,Lille,,,,,,CDI
Ingénieur en robotique mobile : Data Scientist et développement C/C++,H/F,KNDS,Versailles,,,,,,CDI
technicien robotique,H/F,SparkyFlow,Taverny,45000,50000,47500,Annuel,47500,CDI
Ingénieur C++/QT/3D - Robotique/Editeur de logiciel - Paris -,H/F,PGA Easy Partner,Paris,50000,60000,55000,Annuel,55000,CDI
Ingénieur·e développement logiciel 3D/Robotique,,Alma,Saint-Martin-d'Hères,,,,,,CDI
Ingénieur Etudes Electricité Courant faible,,Energeo Technologies,Saint-Denis,45000,60000,52500,Annuel,52500,CDI
INGÉNIEURE/INGÉNIEUR AUTOMATICIEN PARIS,,Capgemini Engineering,Paris,,,,,,CDI
Ingénieur DevOps,,LR Technologies,Massy,43000,50000,46500,Annuel,46500,CDI
Ingénieur Industrialisation et Méthodes,H/F,Talex Recrutement,Angers,32000,45000,38500,Annuel,38500,CDI
Ingénieur Système,H/F,KNDS,Versailles,,,,,,CDI
Ingénieur Automaticien et Roboticien,H/F,Eiffage Énergie Systèmes,Mondeville,,,,,,CDI
Ingénieur modélisation thermodynamique,,Energeo Technologies,Saint-Rémy-lès-Chevreuse,45000,56000,50500,Annuel,50500,CDI
Ingénieur Mécatronique,,SFE - AXXAIR,Étoile-sur-Rhône,30000,,15000,Annuel,15000,CDI
Ingénieur IVVQ Logiciel (aéronautique),,LR Technologies,Créteil,42000,50000,46000,Annuel,46000,CDI
Ingénieur réseau,,LR Technologies Sud Est,Avignon,40000,45000,42500,Annuel,42500,CDI
Développeur(se) PHP Laravel junior - Robotique Iot - Paris,H/F,EP SERVICES,Créteil,45000,50000,47500,Annuel,47500,CDI
Ingénieur automatisme et contrôle-commande,,Energeo Technologies,Saint-Rémy-lès-Chevreuse,43000,53000,48000,Annuel,48000,CDI
Ingénieur Développement Logiciel Tests et Outillage -,H/F,EXAIL,Saint-Germain-en-Laye,,,,,,CDI
Ingénieur Automatisme / Informatique Industrielle (F / H),,ACNS,Milly-la-Forêt,,,,,,CDI
Ingénieur conception mécanique,H/F,NGen,Lyon,30000,45000,37500,Annuel,37500,CDI
Ingénieur / Ingénieure Robotique,,Inria,Paris,,,,,,CDD
Ingénieur R&D ROBOTIQUE COBOTIQUE,H/F,IRT Jules VERNE,Nantes,,,,,,CDD
Ingénieur,H/F,CNRS,Toulouse,2000,3000,2500,Mensuel,30000,CDD
Ingénieur en microrobotique pour l'exploration spatiale,H/F,CNRS,Montbéliard,3000,,1500,Mensuel,18000,CDD
Ingénieur en électronique et informatique industrielle,H/F,SATT AxLR OCCITANIE MEDITERRANEE,Montpellier,2000,,1000,Mensuel,12000,CDD
Doctorant(e),H/F,CNRS,Montpellier,2000,,1000,Mensuel,12000,CDD
Ingénieur électronique hardware,,GROUPE BK,Rennes,,,,,,CDD
Ingénieur Système,H/F,Conseil MOA,Roissy-en-France,46000,55000,50500,Annuel,50500,CDD
chef de projet robotique/ Plateforme station H,H/F,Hospice Civil de Lyon,Lyon,,,,,,CDD
Chargé du partenariat et de la valorisation de la recherche,H/F,CNRS,Toulouse,2000,3000,2500,Mensuel,30000,CDD
Ingénieur maintenance lithographie,H/F,CEA,Grenoble,,,,,,CDD
Design et microfabrication de capteur de pression sans fil pour la mesure de pression intracranienne,,LAAS CNRS,Toulouse,569,,284.5,Mensuel,3414,CDD
Modèle de langage et reconstruction 3D neurale pour la navigation autonome d'un robot,H/F,CEA,Palaiseau,,,,,,CDD
Assistant de vie professionnel pour assister un développeur web,H/F,SO'Lifes,Montpellier,13,16,14.5,Horaire,26390,CDD
Ingénieur Conception Mécanique,H/F,Roxel,Saint-Médard-en-Jalles,39000,,19500,Annuel,19500,CDD
Assistant ingénieur en réalisation mécanique,H/F,CNRS,Villeneuve-d'Ascq,2000,,1000,Mensuel,12000,CDD
Ingénieur Matériaux,H/F,Axon Cable,Montmirail,33000,,16500,Annuel,16500,CDD
Ingénieur.e Conception Mécanique Mécatronique Confirmé.e,,STELLAR ATHLETE,Metz,45000,50000,47500,Annuel,47500,CDD
Ingénieur qualité production & méthode,H/F,Safran,Plaisir,,,,,,CDD
Ingénieur - Conception de vélo générateur d'électricité,,PLANETE WEI,Fleurieu-sur-Saône,15,20,17.5,Horaire,31850,CDD
Assistant Ingénieur,H/F,CNRS,Villers-lès-Nancy,2000,,1000,Mensuel,12000,CDD
Ingénieur de recherche en mécanique numérique,H/F,CNRS,Grenoble,3000,,1500,Mensuel,18000,CDD
Ingénieur,H/F,CNRS,Guyancourt,3000,,1500,Mensuel,18000,CDD
H/F Ingénieur en études mécaniques,H/F,CNRS,Marseille,3000,4000,3500,Mensuel,42000,CDD
Ingénieur-e en études mécaniques (pour l’instrumentation spatiale),H/F,CNRS,Paris,2000,3000,2500,Mensuel,30000,CDD
Stagiaire Ingénieur(e) en électronique et systèmes généraliste,H/F,Xenocs,Grenoble,,,,,,CDD
Ingénieur en microrobotique pour l'exploration spatiale,H/F,CNRS,Montbéliard,3000,,1500,Mensuel,18000,CDD
Ingénieur Responsable Intégration Mécanique,H/F,COMAT,Versailles,,,,,,CDD
Ingénieur bureau d'étude mécanique,,GROUPE BK,Peyrolles-en-Provence,,,,,,CDD
Ingénieur Assurance Qualité Projet,H/F,Aerosoft France,Paris,,,,,,CDD
Ingénieur chef de projets Industrialisation,H/F,Axon Cable,Montmirail,33000,,16500,Annuel,16500,CDD
CDD - Ingénieur Méthodes et Procédés - Hermès Maroquinerie-Sellerie,H/F,Hermès Paris,Pantin,,,,,,CDD
"Ingénieur en conception, modélisation thermique et instrumentation scientififique",H/F,CNRS,Pessac,2000,3000,2500,Mensuel,30000,CDD
Doctorant(e),H/F,CNRS,Montpellier,2000,,1000,Mensuel,12000,CDD
Technicien BE concepteur mécanique,H/F,SIAM,Daumeray,,,,,,CDD
Ingénieur Développement de dispositifs médicaux implantables,H/F,CEA,Grenoble,,,,,,CDD
ingénieur de recherche spécialisé en optique ou microscopie,H/F,CNRS,Paris,3000,,1500,Mensuel,18000,CDD
Assistant Ingénieur d'Exploitation d'Instrument,H/F,CNRS,Caen,2000,,1000,Mensuel,12000,CDD
Ingénieur de recherche en développement logiciel HPC,H/F,CNRS,Annecy,,,,,,CDD
Ingénieur Process Expert,H/F,Adionics,Les Ulis,,,,,,CDD
Ingénieur en instrumentation pour l'interférométrie d'intensité stellaire,H/F,CNRS,Nice,3000,4000,3500,Mensuel,42000,CDD
Ingénieur de recherche /Post-doctorant Mécanique des fluides (Research/Post-doc position)es,H/F,ARMINES CEEP,Versailles,,,,,,CDD
Ingénieur structures architecturées 12 mois,H/F,ONERA,Châtillon,40000,55000,47500,Annuel,47500,CDD
Etude de gel de paramylon pour leur impression 3D,,GEPEA - ONIRIS,Nantes,,,,,,CDD
Ingénieur industriel / méthodes,,STEP UP,Toulouse,40000,45000,42500,Annuel,42500,CDI
Ingénieur industriel,H/F,Roxel,Bourges,39000,,19500,Annuel,19500,CDI
Ingénieur Industriel pharmaceutique/dispositifs médicaux,,VIQI,Paris,,,,,,CDI
Ingénieur(e) R&D Biomédical Junior,,VIQI,Paris,,,,,,CDI
Ingénieur méthodes/Ingénieure méthodes,,PRYSMIAN ENERGIE CABLES ET SYSTEMES FRANCE,Cornimont,,,,,,CDI
Ingénieur qualité / amélioration continue,,ETS MOULIN,Novillers,36000,38000,37000,Annuel,37000,CDI
Ingénieur développement logiciel,H/F,Technology & Strategy,Toulon,38000,50000,44000,Annuel,44000,CDI
Ingénieur Process & Amélioration Continue,H/F,Barry Callebaut,Louviers,,,,,,CDI
Ingénieur - Intelligence Artificielle embarquée,H/F,IRT Railenium,Saint-Denis,35000,,17500,Annuel,17500,CDI
Ingénieur calcul éléments finis,H/F,IMF Ingénierie,Villers-lès-Nancy,32000,42000,37000,Annuel,37000,CDI
Ingénieur(e) en automatisme industriel,,UCETIA Consulting,La Garenne-Colombes,34000,45000,39500,Annuel,39500,CDI
Ingénieur Junior HVAC et Fluides,H/F,Ingenica,Sérézin-du-Rhône,,,,,,CDI
Ingénieur logistique,H/F,Lisi Aerospace,Saint-Ouen-l'Aumône,,,,,,CDI
Ingénieur calcul,H/F,SC MECA INGENIERIE,Vandoeuvre-lès-Nancy,32000,40000,36000,Annuel,36000,CDI
Ingénieur Management de projet Industriel,H/F,E-Search,Paris,80000,,40000,Annuel,40000,CDI
Ingénieur Méthodes valorisation du Biogaz,H/F,TotalEnergies,Nantes,,,,,,CDI
CDI – Ingénieur de production industriel Ariane 6,H/F,Ariane Group,Les Mureaux,,,,,,CDI
Ingénieur systèmes en électronique embarquée,H/F,HENSOLDT France,Plaisir,50000,,25000,Annuel,25000,CDI
Ingénieur Exploitation junior,H/F,PAPREC,Saint-Benoît-la-Forêt,,,,,,CDI
Ingénieur,,CLEARSY,Lyon,30000,50000,40000,Annuel,40000,CDI
Ingénieur Qualité,H/F,OREST GROUP,Erstein,39000,46000,42500,Annuel,42500,CDI
Ingénieur qualité industrielle,,SOCASS - Société d'Assistance de Service et de Support,Trémery,34000,38000,36000,Annuel,36000,CDI
Ingénieur(e) Applicatif industriel,H/F,Zach System,Avrillé,,,,,,CDI
Ingénieur/ Ingénieure Supply Chain_ Toulouse,,Capgemini Engineering,Toulouse,,,,,,CDI
Ingénieur évaluation robotique / IA embarquée,H/F,Laboratoire National de Métrologie et d'Essais (LNE),Trappes,,,,,,CDI
Ingénieur électronique logiciel embarqué,H/F,SparkyFlow,Marseille,37000,44000,40500,Annuel,40500,CDI
Ingénieur(e) d’études mécaniques,,UCETIA Consulting,La Garenne-Colombes,34000,45000,39500,Annuel,39500,CDI
CDI - Ingénieur(e) CAO Industrielle,H/F,Hermès Paris,Pantin,,,,,,CDI
Ingénieur logiciel,H/F,CLEARSY,Lyon,30000,70000,50000,Annuel,50000,CDI
Ingénieur méthodes,H/F,PRODIGYUS,Valenciennes,30000,50000,40000,Annuel,40000,CDI
Ingénieur Environnement Industriel,H/F,COMPAGNIE NATIONALE DU RHONE S.A.,Lyon,,,,,,CDD
Ingénieur-e d'études en biologie cellulaire,,Inserm,Toulouse,2000,,1000,Mensuel,12000,CDD
Ingénieur,H/F,CNRS,Nantes,3000,,1500,Mensuel,18000,CDD
ALTERNANCE - Assistant (e) ingénieur énergies et qualité produit,H/F,TotalEnergies,Tour-en-Sologne,,,,,,CDD
Ingénieur(e) batteries,,Ouest Valorisation,Saint-Nazaire,,,,,,CDD
Ingénieur de recherche en ingénierie des matériaux,H/F,GROUPE PIGEON - LCBTP,Lorient,,,,,,CDD
Ingénieur-e Développement Procédés Textile,H/F,Safran,Itteville,,,,,,CDD
Ingénieur Industrialisation,H/F,CORDENPHARMA CHENOVE,Dijon,35000,45000,40000,Annuel,40000,CDD
Ingénieur Innovation,H/F,CNRS INNOVATION,Paris,45000,,22500,Annuel,22500,CDD
Ingénieur Amélioration Continue,H/F,CCI des Côtes d'Armor,Saint-Brieuc,28000,30000,29000,Annuel,29000,CDD
Ingénieur en analyses agroalimentaires,,Agrolab France,Dijon,2000,,1000,Mensuel,12000,CDD
H/F Ingénieur en études mécaniques,H/F,CNRS,Marseille,3000,4000,3500,Mensuel,42000,CDD
Ingénieur.e Micro,,Skyted,Labège,,,,,,CDD
Ingénieur en informatique dans l'expérience LHCb LPNHE/CPPM,H/F,CNRS,Paris,3000,4000,3500,Mensuel,42000,CDD
Ingénieur Chiffrage,H/F,Safran,Loches,,,,,,CDD
Ingénieur Projet - CDD (8 mois),H/F,Novo Nordisk,Chartres,,,,,,CDD
Ingénieur(e) d'Affaires Grands Comptes,,TotalEnergies,Paris,,,,,,CDD
Ingénieur en électronique et informatique industrielle,H/F,SATT AxLR OCCITANIE MEDITERRANEE,Montpellier,2000,,1000,Mensuel,12000,CDD
Ingénieur Conception Mécanique,H/F,Roxel,Saint-Médard-en-Jalles,39000,,19500,Annuel,19500,CDD
Ingénieur Assurance Qualité Projet,H/F,Aerosoft France,Paris,,,,,,CDD
Ingénieur ou Ingénieure « IoT Center »,,Ecole des Mines de Saint-Étienne,Gardanne,,,,,,CDD
Ingénieur Système Reseaux,H/F,KAN CONSULTING SERVICES,Lyon,3000,6000,4500,Mensuel,54000,CDD
CDD - Ingénieur Méthodes et Procédés - Hermès Maroquinerie-Sellerie,H/F,Hermès Paris,Pantin,,,,,,CDD
Ingénieur Coordinateur industrialisation,H/F,INTERPARFUMS,Rouen,,,,,,CDD
INGÉNIEUR-E DE PRODUCTION,H/F,Laboratoires Expanscience,Épernon,,,,,,CDD
Ingénieur cyberdéfense,H/F,Ministère des Armées,Lyon,42000,48000,45000,Annuel,45000,CDD
Ingénieur.e Conception Mécanique Mécatronique Confirmé.e,,STELLAR ATHLETE,Metz,45000,50000,47500,Annuel,47500,CDD
Ingénieur Génie Électrique – Champigny-sur-Marne,H/F,ARTING,Champigny-sur-Marne,,,,,,CDD
Ingénieur R&D ROBOTIQUE COBOTIQUE,H/F,IRT Jules VERNE,Nantes,,,,,,CDD
Le Directeur / La Directrice du Pôle industriel du SYBERT,,Grand Besançon Métropole,Besançon,,,,,,CDD
Ingénieure / Ingénieur Logiciel Embarqué Automobile - Strasbourg,,Capgemini Engineering,Strasbourg,,,,,,CDI
Ingénieur définition outils logiciels – Secteur Automobile,H/F,Dassault Systèmes,Vélizy-Villacoublay,,,,,,CDI
Ingénieur Conception - Automobile - Lyon,H/F,Ecm-Engineering-Conception-Maintenance,Lyon,38000,50000,44000,Annuel,44000,CDI
Ingénieur Automobile Électronique,,OneSide Technologies,Levallois-Perret,,,,,,CDI
Ingénieur Systèmes électriques / électroniques - Automobile,H/F,VIVERIS,Villeurbanne,35000,45000,40000,Annuel,40000,CDI
Ingénieur Logiciel Embarqué Prototype,H/F,LID TECHNOLOGIES,Ramonville-Saint-Agne,35000,45000,40000,Annuel,40000,CDI
Ingénieur(e) d’études mécaniques,,UCETIA Consulting,La Garenne-Colombes,34000,45000,39500,Annuel,39500,CDI
Ingénieur Validation,H/F,Gaussin Macnica Mobility,Courbevoie,45000,50000,47500,Annuel,47500,CDI
Ingénieur Mécatronique - Automobile - Lyon,H/F,Ecm-Engineering-Conception-Maintenance,Saint-Priest,45000,52000,48500,Annuel,48500,CDI
Ingénieur logiciel safety automobile,H/F,LH&TECH,Toulouse,34000,42000,38000,Annuel,38000,CDI
Ingénieur Test Logiciel Embarqué,H/F,E2-CAD,Éragny,,,,,,CDI
Ingénieur(e) Qualité Logiciel,,TMC FRANCE PARIS,Paris,50000,,25000,Annuel,25000,CDI
Ingénieur méthode,H/F,CADEV,Sorgues,38000,45000,41500,Annuel,41500,CDI
Ingénieur développement logiciel embarqué,H/F,Médiane Système,Vernon,35000,45000,40000,Annuel,40000,CDI
Ingénieur/Ingénieure Validation Automobile Belfort,,Capgemini Engineering,Belfort,,,,,,CDI
Ingénieur Système Automobile,H/F,Expleo Group,Lyon,,,,,,CDI
Ingénieur Qualité Fournisseur,H/F,ICE TECH,Compiègne,36000,50000,43000,Annuel,43000,CDI
Ingénieur Produit,H/F,Defta service,Chessy,35000,55000,45000,Annuel,45000,CDI
Ingénieur/Ingénieure systèmes électroniques Lyon,,Capgemini Engineering,Lyon,,,,,,CDI
Ingénieure / Ingénieur DevOps- IDF,,Capgemini Engineering,Paris,,,,,,CDI
Ingénieur Qualité Fournisseurs Projet,H/F,INOVELYA,Pacy-sur-Eure,42000,,21000,Annuel,21000,CDI
Ingénieur des exigences logicielles automobile,H/F,Capgemini Engineering,Paris,,,,,,CDI
Ingénieur sûreté de fonctionnement automobile ISO26262,H/F,SECTOR Group,Villebon-sur-Yvette,35000,,17500,Annuel,17500,CDI
Ingénieur Amélioration Continue,H/F,INGENICS SAS,Molsheim,33000,45000,39000,Annuel,39000,CDI
Ingénieur CyberSécurité,,Ecm-Engineering-Conception-Maintenance,Paris,40000,60000,50000,Annuel,50000,CDI
Ingénieur Test et Validation,H/F,Technology & Strategy,Lyon,38000,50000,44000,Annuel,44000,CDI
Ingénieur logiciel embarqué,H/F,Médiane Système,Chennevières-sur-Marne,,,,,,CDI
Ingénieur DevOps,,LR Technologies,Massy,43000,50000,46500,Annuel,46500,CDI
Ingénieur / Ingénieure Cœur de Réseaux Paris,,Capgemini Engineering,Paris,,,,,,CDI
Ingénieur Etudes Electricité Courant faible,,Energeo Technologies,Saint-Denis,45000,60000,52500,Annuel,52500,CDI
Ingénieur Assurance Qualité Projet,H/F,Aerosoft France,Paris,,,,,,CDD
CDD - 18 MOIS - INGENIEUR QUALITE OPERATIONNELLE -,H/F,Hermès Paris,Le Vaudreuil,,,,,,CDD
Responsable Qualité Développement Produits CDD,H/F,Steep Plastique,Saint-Maurice-de-Beynost,45000,55000,50000,Annuel,50000,CDD
[UT] Responsable pôle méthodes,H/F,Université fédérale Toulouse Midi-Pyrénées,Toulouse,,,,,,CDD
Dessinateur-Projeteur mécanique,H/F,AMEG Group,Lyon,,,,,,CDD
CHEF/CHEFFE DE LA MISSION DE PROXIMITE AVEC LES USAGERS EN ILE DE FRANCE,,Ministère de l'europe et des affaires étrangères,Paris,61000,104000,82500,Annuel,82500,CDD
"INGENIEUR, RESPONSABLE DU PATRIMOINE",H/F,Grand Narbonne,Narbonne,,,,,,CDD
Conseiller Services Assurance Maladie,H/F,CPAM DE LA COTE D'OPALE,Calais,2000,,1000,Mensuel,12000,CDI
Téléconseiller en assurance,H/F,Owliance - Tessi,Reims,2000,,1000,Mensuel,12000,CDI
"Agent ou agente de la relation client bord, SVEA Amiens",,SNCF Voyageurs,Amiens,27000,30000,28500,Annuel,28500,CDI
Courtier en assurance,H/F,Ben's finance & Insurance,Paris,1000,4000,2500,Mensuel,30000,CDI
SAISONNIERS EMPLOYÉ POLYVALENT MAGASIN LE MANS,H/F,SMYTHS TOYS FRANCE,La Chapelle-Saint-Aubin,21000,,10500,Annuel,10500,CDI
Conseiller Services Assurance Maladie,H/F,CPAM DE LA COTE D'OPALE,Calais,2000,,1000,Mensuel,12000,CDD
Téléconseiller en assurance,H/F,Owliance - Tessi,Reims,2000,,1000,Mensuel,12000,CDD
"Agent ou agente de la relation client bord, SVEA Amiens",,SNCF Voyageurs,Amiens,27000,30000,28500,Annuel,28500,CDD
Courtier en assurance,H/F,Ben's finance & Insurance,Paris,1000,4000,2500,Mensuel,30000,CDD
SAISONNIERS EMPLOYÉ POLYVALENT MAGASIN LE MANS,H/F,SMYTHS TOYS FRANCE,La Chapelle-Saint-Aubin,21000,,10500,Annuel,10500,CDD
Stage Stagiaire Communication & Community Manager,H/F,ELENI SIEGE,Paris,,,,,,CDI
Stage - Community Manager - StartUp,H/F,Imagina,Lyon,624,,312,Mensuel,3744,CDI
Stage Community Manager Lyon,H/F,Esekai Agency,Lyon,600,,300,Mensuel,3600,CDI
Stage - Asset Manager Immobilier (Startup),,Hestia,Paris,800,1000,900,Mensuel,10800,CDI
Stage - Data Manager,,Hermès Paris,Fontenay-sous-Bois,,,,,,CDI
Stage Stagiaire Communication & Community Manager,H/F,ELENI SIEGE,Paris,,,,,,CDD
Stage - Community Manager - StartUp,H/F,Imagina,Lyon,624,,312,Mensuel,3744,CDD
Stage Community Manager Lyon,H/F,Esekai Agency,Lyon,600,,300,Mensuel,3600,CDD
Stage - Asset Manager Immobilier (Startup),,Hestia,Paris,800,1000,900,Mensuel,10800,CDD
Stage - Data Manager,,Hermès Paris,Fontenay-sous-Bois,,,,,,CDD
Analyste financier / Consultant financier (auprès des CSE),H/F,SEXTANT EXPERTISE,Paris,,,,,,CDI
Ingénieur financier (f/m/d),,HSBC,Paris,,,,,,CDI
Contrôleur financier,H/F,VINCI Concessions,Nanterre,,,,,,CDI
Ingénieur Junior Projet Energies Renouvelables,H/F,Keolis SA,Le Mans,,,,,,CDI
Ingénieur électronique,H/F,CLEARSY,Lyon,30000,70000,50000,Annuel,50000,CDI
Ingénieur génie civil,H/F,Leaf Ingenierie,Boulogne-Billancourt,30000,60000,45000,Annuel,45000,CDI
Ingénieur validation formelle de données sécuritaires,H/F,CLEARSY,Aix-en-Provence,30000,70000,50000,Annuel,50000,CDI
Ingénieur Financier,H/F,Banque Populaire Rives de Paris,Paris,,,,,,CDI
Ingénieur Validation Logicielle,H/F,CLEARSY,Aix-en-Provence,30000,70000,50000,Annuel,50000,CDI
Ingénieur étude,H/F,PJE Consulting,Hindisheim,3000,4000,3500,Mensuel,42000,CDI
Ingénieur Méthodes/Industrialisation,,Ogmios developpement,Toulon,45000,60000,52500,Annuel,52500,CDI
Ingénieur ou ingénieure hydraulique canal,,Département de Loire-Atlantique,Nozay,,,,,,CDI
Ingénieur validation de données,H/F,CLEARSY,Aix-en-Provence,30000,70000,50000,Annuel,50000,CDI
Ingénieur mécanique,H/F,HENSOLDT France,Plaisir,45000,,22500,Annuel,22500,CDI
Ingénieur d'affaire,H/F,Acaly,Paris,40000,,20000,Annuel,20000,CDI
Ingénieur efficacité énergétique,H/F,EIFFAGE ENERGIE SYSTEMES,Pessac,,,,,,CDI
Ingénieur CVC,,Potentia Technologies,Paris,21000,50000,35500,Annuel,35500,CDI
Ingénieur / Ingénieure R&D,,OCEA,Saint-Nazaire,,,,,,CDI
Ingénieur Financier,H/F,Crédit Agricole Assurances,Paris,,,,,,CDI
Ingénieur(e) travaux VRD,,UCETIA Consulting,La Garenne-Colombes,34000,45000,39500,Annuel,39500,CDI
Ingénieur Etudes et Projets Junior/X,H/F,Paprec Group,Paris,,,,,,CDI
Ingénieur stratégie Énergie-Carbone –,H/F,Briks Recruitment,Paris,40000,47000,43500,Annuel,43500,CDI
Contrôleur financier,H/F,Orano,Châtillon,,,,,,CDI
Ingénieur mécanique,H/F,BTM Consultants,Paris,,,,,,CDI
Ingénieur CVC,H/F,Extia Ingenierie,Nantes,,,,,,CDI
Ingénieure/Ingénieur Génie Civil - LYON,,Capgemini Engineering,Lyon,,,,,,CDI
Ingénieur en études mécaniques et développement,H/F,NEYRTEC MINERAL,Lorient,35000,45000,40000,Annuel,40000,CDI
Ingénieur Bureau d'études Techniques,H/F,TSO,Chelles,40000,45000,42500,Annuel,42500,CDI
Ingénieur efficacité énergétique CVC,H/F,Eiffage Énergie Systèmes,Pessac,,,,,,CDI
Ingénieur Qualité Projet,,TMC FRANCE PARIS,Paris,45000,,22500,Annuel,22500,CDI
Assistant administratif,H/F,CNRS,Meudon,2000,4000,3000,Mensuel,36000,CDD
Assistant administratif,,Inserm,Paris,2000,3000,2500,Mensuel,30000,CDD
Assistant(e) administratif,,DATTERBERG filiale GROUPE TABATABAI,Meyreuil,24000,28000,26000,Annuel,26000,CDD
Gestionnaire Financier,H/F,CNRS,Orléans,2000,,1000,Mensuel,12000,CDD
Gestionnaire administratif et financier – Gestionnaire de projet,,Ecole des Mines de Saint-Étienne,Gardanne,,,,,,CDD
Ingénieur Innovation,H/F,CNRS INNOVATION,Paris,45000,,22500,Annuel,22500,CDD
Ingénieur d'étude en traitement et analyse de données,H/F,CNRS,Clermont-Ferrand,2000,,1000,Mensuel,12000,CDD
Ingénieur chargé d'études,H/F,COMMUNAUTE AGGLOMERATION CANNES PAYS DE LERINS,Cannes,2000,3000,2500,Mensuel,30000,CDD
GESTIONNAIRE ADMINISTRATIF ET FINANCIER,H/F,Inserm,Paris,2000,3000,2500,Mensuel,30000,CDD
Ingénieur(e) d'Affaires Grands Comptes,,TotalEnergies,Paris,,,,,,CDD
Gestionnaire financier polyvalent (f/h),H/F,Université Grenoble Alpes,Saint-Martin-d'Hères,2000,,1000,Mensuel,12000,CDD
CHARGE DE SUIVI FINANCIER - PROGRAMME DE RECHERCHE,,Inserm,Paris,2000,3000,2500,Mensuel,30000,CDD
Ingénieur(e) Reporting & Finance,,AQUALIA France,Andrésy,,,,,,CDD
Ingénieur Projets Européens ASDESR,H/F,Université de Lille,Lille,25000,38000,31500,Annuel,31500,CDD
Assitant administratif - h/f,H/F,Inserm,Paris,2000,3000,2500,Mensuel,30000,CDD
Gestionnaire financier ou gestionnaire financière,H/F,CNRS,Saint-Martin-d'Hères,2000,,1000,Mensuel,12000,CDD
Technicien.ne en gestion administrative,,Inserm,Reims,2000,3000,2500,Mensuel,30000,CDD
Contrôleur de gestion,H/F,Groupe Coopératif Maïsadour,Haut-Mauco,32000,35000,33500,Annuel,33500,CDD
Coordinateur·trice RH,,Inserm,Paris,2000,3000,2500,Mensuel,30000,CDD
Gestionnaire administratif-ve,,Inserm,Clermont-Ferrand,2000,,1000,Mensuel,12000,CDD
Chargé de suivi financier programme de recherche - h/f,H/F,Inserm,Paris,2000,3000,2500,Mensuel,30000,CDD
Ingénieur Dépollution,H/F,VALGO,La Chevrolière,30000,45000,37500,Annuel,37500,CDD
Gestionnaire Financier à Grenoble,H/F,Inria,Grenoble,,,,,,CDD
Des ingénieur.es - chargé.es d'opération,,Grand Besançon Métropole,Besançon,,,,,,CDD
SIEGE Ingénieur Biomédical,H/F,La Chaine de l'Espoir,Paris,,,,,,CDD
Chargé de développement économique - Environnement,,Artisanat,Verdun,2000,,1000,Mensuel,12000,CDD
Gestionnaire financier au sein du pôle comptabilité,H/F,CNRS,Grenoble,2000,,1000,Mensuel,12000,CDD
Ingénieur qualité pole gérontologie clinique et chargé de projets,H/F,CHU de Nantes,Nantes,,,,,,CDD
Ingénieur en technologies de l'information et de la communication,H/F,Université Jean Moulin Lyon 3,Lyon,28000,40000,34000,Annuel,34000,CDD
CDD - Contrôleur de Gestion,H/F,Marionnaud,Paris,,,,,,CDD
Stage Stagiaire Communication & Community Manager,H/F,ELENI SIEGE,Paris,,,,,,CDI
Stage - Community Manager - StartUp,H/F,Imagina,Lyon,624,,312,Mensuel,3744,CDI
Stage Community Manager Lyon,H/F,Esekai Agency,Lyon,600,,300,Mensuel,3600,CDI
Stage - Asset Manager Immobilier (Startup),,Hestia,Paris,800,1000,900,Mensuel,10800,CDI
Stage - Data Manager,,Hermès Paris,Fontenay-sous-Bois,,,,,,CDI
Stage Stagiaire Communication & Community Manager,H/F,ELENI SIEGE,Paris,,,,,,CDD
Stage - Community Manager - StartUp,H/F,Imagina,Lyon,624,,312,Mensuel,3744,CDD
Stage Community Manager Lyon,H/F,Esekai Agency,Lyon,600,,300,Mensuel,3600,CDD
Stage - Asset Manager Immobilier (Startup),,Hestia,Paris,800,1000,900,Mensuel,10800,CDD
Stage - Data Manager,,Hermès Paris,Fontenay-sous-Bois,,,,,,CDD
Ingénieur.e – Data Scientist Fabrication Additive,H/F,Safran,Le Haillan,,,,,,CDI
Data ingénieur - Data analyst -,H/F,URSSAF CAISSE NATIONALE,Montreuil,50000,60000,55000,Annuel,55000,CDI
Chargé d’analyse et d’expertise / Data Engineer / Data Scientist,,Santé Publique France,Saint-Maurice,,,,,,CDI
Ingénieur Data Analyst Confirmé,,IT-NEWVISION,Strasbourg,45000,50000,47500,Annuel,47500,CDI
Ingénieur(e) expérimenté(e)– Data Science,H/F,eOdyn,Plouzané,40000,50000,45000,Annuel,45000,CDI
Data Analyst / Data Engineer,,Infogene,Neuilly-sur-Seine,,,,,,CDI
Ingénieur-e analyste des données de vols et des services,,Safran,Gonfreville-l'Orcher,,,,,,CDI
CDI - Lead Data Analyst / Analytics Engineer,H/F,Hermès Paris,Paris,,,,,,CDI
Ingénieur Data Scientist / Développeur en Modélisation Statistique,H/F,Inria,Montbonnot-Saint-Martin,3000,,1500,Mensuel,18000,CDD
Ingénieur Data Scientist / Développeur en Modélisation Statistique,H/F,Vergorà,Montbonnot-Saint-Martin,3000,,1500,Mensuel,18000,CDD
"Ingénieur en science des données, données de santé, NLP",H/F,Université Claude Bernard Lyon 1,Bron,2000,3000,2500,Mensuel,30000,CDD
Ingénieur de recherche en sciences des données,H/F,CHU de Poitiers,Poitiers,,,,,,CDD
Research Engineer/Postdoc - Bioinformatics and Data Analysis (M/F),H/F,Institut Imagine,Paris,,,,,,CDD
Ingénieur(e) logiciel junior systèmes électriques,,Artelys,Paris,,,,,,CDI
Ingénieur Logiciel Embarqué,H/F,SYT Technologies,Morières-lès-Avignon,40000,50000,45000,Annuel,45000,CDI
INGÉNIEUR(E) LOGICIEL EMBARQUÉ/X,H/F,IT link,Lyon,38000,45000,41500,Annuel,41500,CDI
Ingénieur Développement Logiciel Embarqué [IoT],H/F,ville-cholet.fr,Cholet,,,,,,CDI
Ingénieur·e développement logiciel,H/F,ESRF,Grenoble,,,,,,CDI
Ingénieur Test et Validation,H/F,CLEARSY,Paris,30000,50000,40000,Annuel,40000,CDI
Ingénieur,,CLEARSY,Lyon,30000,50000,40000,Annuel,40000,CDI
Ingénieur Développement produit,H/F,KADRA Consultants,Toulon,43000,46000,44500,Annuel,44500,CDI
Ingénieur bureau d'études,H/F,SMT épocal,Melun,46000,,23000,Annuel,23000,CDI
Ingénieur Méthodes,H/F,INGEVA,Boulogne-Billancourt,30000,50000,40000,Annuel,40000,CDI
Ingénieur Méthodes Maintenance,H/F,ALPHA MAINTENANCE,Port-de-Bouc,30000,45000,37500,Annuel,37500,CDI
Ingénieur validation de données,H/F,CLEARSY,Aix-en-Provence,30000,70000,50000,Annuel,50000,CDI
Ingénieur d'études et développement C/C++ Embarqué,H/F,CRISTAL SOLUTIONS,Cergy,35000,55000,45000,Annuel,45000,CDI
Ingénieure/ Ingénieur chercheur en génie civil,H/F,EDF,Saclay,45000,55000,50000,Annuel,50000,CDI
Ingénieur DEVOPS,,AVALIANCE,Paris,44000,80000,62000,Annuel,62000,CDI
Ingénieur(e) développement C# .NET / Javascript,,Avisto,Cachan,,,,,,CDI
Ingénieure / Ingénieur développement électronique radiofréquence (RF) PARIS,,Capgemini Engineering,Paris,,,,,,CDI
Ingénieur Test Intégration Validation,H/F,CRISTAL SOLUTIONS,Conflans-Sainte-Honorine,35000,50000,42500,Annuel,42500,CDI
INGÉNIEUR.E DÉVELOPPEMENT C EMBARQUÉ (H/F/X),H/F,IT link,Strasbourg,37000,42000,39500,Annuel,39500,CDI
Ingénieur de projet Supply Chain,,OneSide Technologies,Metz,,,,,,CDI
Ingénieure ou Ingénieur R&D Electronique de puissance Batteries & véhicules électriques,,NORAUTO,Villeneuve-d'Ascq,,,,,,CDI
INGÉNIEUR AUTOMATICIEN (H/F/X),H/F,IT link,Montpellier,40,45,42.5,Horaire,77350,CDI
Ingénieur Support Technique - Air Ambiant,,ENVEA,Poissy,,,,,,CDI
TLSE - ingénieur conception moules injection & outillages,,AYES Consulting,Toulouse,32000,45000,38500,Annuel,38500,CDI
Ingénieur calcul mécanique 3D,H/F,Edvance,Montrouge,42000,47000,44500,Annuel,44500,CDI
Ingénieure / Ingénieur Logiciel Azure NANCY,,Capgemini,Nancy,,,,,,CDI
INGÉNIEUR TEST ET VALIDATION (H/F/X),H/F,IT link,Lyon,38000,45000,41500,Annuel,41500,CDI
Ingénieur Système Electrotechnique,H/F,CRDL,Étupes,,,,,,CDI
Ingénieure / Ingénieur Logiciel Azure NANCY,,Capgemini,Nancy,,,,,,CDI
INGENIEUR PROCEDES MECANIQUE,,SOGEMA,Avignon,3000,5000,4000,Mensuel,48000,CDI
ALTERNANT COMMUNICATION,,La Bouclette,Émerainville,2000,,1000,Mensuel,12000,CDD
Ingénieur-e d'études,,Inserm,Marseille,,,,,,CDD
Ingénieur de recherche en génie logiciel pour les modèles émergents en IA,H/F,CEA,Grenoble,,,,,,CDD
Ingénieur en biologie cellulaire et biochimie-IE,,Inserm,Nice,2000,,1000,Mensuel,12000,CDD
Ingénieur de recherche en développement logiciel HPC,H/F,CNRS,Annecy,,,,,,CDD
Assistant Ingénieur en techniques et analyses biologiques,,Inserm,Nice,2000,3000,2500,Mensuel,30000,CDD
Assistant administratif,,Inserm,Paris,2000,3000,2500,Mensuel,30000,CDD
Assistant ingénieur en biologie,H/F,Inserm,Nantes,2000,3000,2500,Mensuel,30000,CDD
Ingénieur,H/F,CNRS,Toulouse,2000,3000,2500,Mensuel,30000,CDD
Ingénieur ou Ingénieure « IoT Center »,,Ecole des Mines de Saint-Étienne,Gardanne,,,,,,CDD
Secrétaire medical administratif,,ACMS,Levallois-Perret,,,,,,CDD
Ingénieur en microrobotique pour l'exploration spatiale,H/F,CNRS,Montbéliard,3000,,1500,Mensuel,18000,CDD
Assitant administratif - h/f,H/F,Inserm,Paris,2000,3000,2500,Mensuel,30000,CDD
Epidémiologiste,,Inserm,Bron,3000,,1500,Mensuel,18000,CDD
Doctorant(e),H/F,CNRS,Montpellier,2000,,1000,Mensuel,12000,CDD
Ingénieur.e Conception Mécanique Mécatronique Confirmé.e,,STELLAR ATHLETE,Metz,45000,50000,47500,Annuel,47500,CDD
Coordinateur·trice RH,,Inserm,Paris,2000,3000,2500,Mensuel,30000,CDD
Technicien.ne en gestion administrative,,Inserm,Reims,2000,3000,2500,Mensuel,30000,CDD
Gestionnaire administratif-ve,,Inserm,Clermont-Ferrand,2000,,1000,Mensuel,12000,CDD
Assistant ingénieur en expérimentation et instrumentation biologiques,H/F,Inserm,Tours,2000,,1000,Mensuel,12000,CDD
Ingénieur Process Expert,H/F,Adionics,Les Ulis,,,,,,CDD
Gestionnaire d'application assistance support,,Inserm,Paris,2000,3000,2500,Mensuel,30000,CDD
Chercheur postdoctorant,H/F,CNRS,Saclay,3000,5000,4000,Mensuel,48000,CDD
Ingénieur de Recherche en Résonance Magnétique Nucléaire,H/F,Aix-Marseille Université,Marseille,,,,,,CDD
Assistant en études mécaniques pour le bureau d'études d'IRPHE,H/F,Aix-Marseille Université,Marseille,24000,30000,27000,Annuel,27000,CDD
Assistant.e de communication et relations publiques -,H/F,Université Sorbonne Paris Nord,Villetaneuse,,,,,,CDD
Ingénieur(e) de Recherche: Expert en calcul scientifique,H/F,CNRS,Toulouse,3000,4000,3500,Mensuel,42000,CDD
CHARGE DE PROJET - PROGRAMME DE RECHERCHE,,Inserm,Paris,2000,4000,3000,Mensuel,36000,CDD
Chargé des contrats de recherche,,Inserm,Paris,2000,4000,3000,Mensuel,36000,CDD
Assistant opérationnel - CDD - Temps plein,H/F,E.P.A. MARNE,Champs-Sur-Marne,2000,4000,3000,Mensuel,36000,CDD
Ingénieur Full Stack,H/F,SKYINCAP,Nice,37000,,18500,Annuel,18500,CDI
Ingénieur Full Stack Java - (H/F/X),H/F,Arolla,France,50000,70000,60000,Annuel,60000,CDI
Développeur Full Stack,H/F,Link Mobility,Riorges,,,,,,CDI
Développeur Full Stack,H/F,Coddity,Paris,40000,50000,45000,Annuel,45000,CDI
Ingénieur Full Stack React sur AWS,,Pixstart SAS,Toulouse,38000,48000,43000,Annuel,43000,CDI
Ingénieur full stack,H/F,Oktogone Group,Antibes,45000,65000,55000,Annuel,55000,CDI
Développeur Full Stack,H/F,DEVEO,France,3000,5000,4000,Mensuel,48000,CDI
Ingénieur/Ingénieure développement Full-stack - Aix-en-Provence,,Capgemini,Aix-en-Provence,,,,,,CDI
Développeur Full Stack,H/F,CERVVAL,Plouzané,32000,38000,35000,Annuel,35000,CDI
Ingénieur développeur full stack Atelier B,H/F,CLEARSY,Lyon,30000,70000,50000,Annuel,50000,CDI
Ingénieur étude et développement Full-Stack,H/F,Cleeven Se,Biot,25000,40000,32500,Annuel,32500,CDI
Développeur Full Stack - Act21,H/F,Baker Tilly,Toulouse,,,,,,CDI
Ingénieur-e de dévelopment d’application cloud full-stack,H/F,Dassault Systèmes,Vélizy-Villacoublay,,,,,,CDI
Développeur Full Stack Python,H/F,Noveo,Marcq-en-Baroeul,45000,49000,47000,Annuel,47000,CDI
Développeur Full stack,H/F,Adentis,Grenoble,35000,45000,40000,Annuel,40000,CDI
Développeur full stack (h/f),H/F,Lidl France,Strasbourg,,,,,,CDI
Lead Full Stack Developer,,Lixo,Paris,50000,65000,57500,Annuel,57500,CDI
Ingénieur développement Python / Javascript,,Avisto,Vallauris,,,,,,CDI
Ingénieur/Ingénieure développement Full-stack - Aix-en-Provence,,Capgemini,Aix-en-Provence,,,,,,CDI
Développeur Full Stack,H/F,SAS NEVEA,Vergt,28000,31000,29500,Annuel,29500,CDI
Développeur Full Stack,H/F,Vibratec,Écully,38000,44000,41000,Annuel,41000,CDI
Développeur Full stack Java et Angular,,VIF,La Chapelle-sur-Erdre,,,,,,CDI
Développeur Full Stack NodeJS / VueJS – – Lille,H/F,engIT,Lille,42000,48000,45000,Annuel,45000,CDI
Développeur Full Stack expérimenté,H/F,URSSAF CAISSE NATIONALE,Valbonne,,,,,,CDI
Développeur Logiciel Full-Stack Angular/Java,H/F,ICE (Industrielle de Contrôle et d'Equipement),Alfortville,50000,55000,52500,Annuel,52500,CDI
Développeur Full Stack Java / Angular,H/F,AFD Technologies,Aix-en-Provence,37000,47000,42000,Annuel,42000,CDI
Développeur Fullstack Web,H/F,web2roi,Nice,32000,45000,38500,Annuel,38500,CDI
Ingénieure / Ingénieur Full Stack confirmé,,Capgemini,Toulouse,,,,,,CDI
Développeur Full Stack - Lille,H/F,BPCE Solutions Informatiques,Villeneuve-d'Ascq,,,,,,CDI
Développeur Full Stack Angular/PHP Symfony,H/F,Inetum,Mougins,,,,,,CDI
Développeur Full-Stack confirmé -,H/F,Civils de la Défense,Bruz,,,,,,CDD
Ingénieur de recherche en sciences des données,H/F,CHU de Poitiers,Poitiers,,,,,,CDD
Software Engineer R&D - Backend - Junior,,ActiveViam,Paris,,,,,,CDD
Junior Software Engineer,,Artefact,Paris,,,,,,CDD
Software Engineer (trading),H/F,Constella,Courbevoie,,,,,,CDD
iOS Software Engineer (Stage) - EY FABERNOVEL - JANVIER/FEVRIER 2025,,EY,Paris,,,,,,CDD
Junior Software Engineer,,Ledger,Paris,,,,,,CDD
Ingénieur ou Ingénieure Réseaux de Transmission,,SNCF Cadres,Saint-Denis,,,,,,CDI
Ingénieur Exploitation Réseaux,,SAFARI TECHNOLOGIES,Lyon,40000,45000,42500,Annuel,42500,CDI
Ingénieur / Ingénieure Cœur de Réseaux Paris,,Capgemini Engineering,Paris,,,,,,CDI
Ingénieur Sécurité Réseaux,H/F,STEP UP,Lyon,35000,40000,37500,Annuel,37500,CDI
Ingénieur(e) logiciel junior systèmes électriques,,Artelys,Paris,,,,,,CDI
"Ingénieur/ Architecte Système, Réseaux et Sécurité",H/F,SMILY RH / SMILINK,Lyon,,,,,,CDI
INGÉNIEUR(E) V&V RÉSEAUX (H/F/X),H/F,IT link,Lyon,38000,45000,41500,Annuel,41500,CDI
Ingénieur Sécurité et Réseaux,H/F,SUEZ,Courbevoie,,,,,,CDI
Ingénieur - Intelligence Artificielle embarquée,H/F,IRT Railenium,Saint-Denis,35000,,17500,Annuel,17500,CDI
Ingénieur d'Affaires Réseaux d'énergies,H/F,VINCI Energies,Six-Fours-les-Plages,,,,,,CDI
Ingénieur Systèmes et Réseaux,H/F,SERENE UP,France,,,,,,CDI
Ingénieur Réseaux et Sécurité,H/F,SNS SECURITY,Lyon,55000,65000,60000,Annuel,60000,CDI
Ingénieur support réseaux et sécurité N3,H/F,NXO France,Rueil-Malmaison,45000,50000,47500,Annuel,47500,CDI
Ingénieur d'études structure junior,H/F,Tractebel,Saint-Ouen,,,,,,CDI
Ingénieur réseaux,H/F,DCS GROUP,Vienne,50000,55000,52500,Annuel,52500,CDI
Ingénieur(e) Cybersécurité et Réseaux,,KYRON Solutions Informatiques,Puteaux,,,,,,CDI
Ingénieur R&D Systèmes et Réseaux Embarqués,H/F,ville-cholet.fr,Trémentines,45000,60000,52500,Annuel,52500,CDI
Ingénieur réseaux et systèmes,H/F,EIFFAGE ENERGIE SYSTEME,Lyon,,,,,,CDI
Ingénieur Systèmes et Réseaux,H/F,FONDATION PARTAGE ET VIE,Montrouge,,,,,,CDI
Ingénieur Systèmes et Réseaux,H/F,Apy Consult,Valence,38000,45000,41500,Annuel,41500,CDI
Ingénieur sécurité réseaux,,ENGIT,Noisy-le-Grand,,,,,,CDI
Ingénieur Systèmes et Réseaux,H/F,KOESIO,Villeurbanne,,,,,,CDI
Ingénieur Cybersécurité,,Arsium,Villeurbanne,45000,55000,50000,Annuel,50000,CDI
Ingénieur électronique logiciel embarqué,H/F,SparkyFlow,Marseille,37000,44000,40500,Annuel,40500,CDI
Ingénieur QHSE,H/F,Sucheme,Puteaux,40000,41000,40500,Annuel,40500,CDI
Ingénieur Réseaux et Sécurité,H/F,ville-cholet.fr,Les Cerqueux,,,,,,CDI
Ingénieur Réseaux et Sécurité,H/F,Opsynet,Créteil,40000,50000,45000,Annuel,45000,CDI
Ingénieur Exploitation junior,H/F,PAPREC,Saint-Benoît-la-Forêt,,,,,,CDI
Ingénieur / Ingénieure Fluides Sécurité Réseaux,,OCEA,Les Sables-d'Olonne,,,,,,CDI
"Ingénieur ou ingénieure Hygiène, santé, sécurité, environnement",,Département de Loire-Atlantique,Saint-Herblain,,,,,,CDI
Ingénieur systèmes et réseaux,H/F,VILLE D'ARGENTEUIL,Argenteuil,2000,,1000,Mensuel,12000,CDD
Ingénieur-e d'études en biologie cellulaire,,Inserm,Toulouse,2000,,1000,Mensuel,12000,CDD
Ingénieur Systèmes et Réseaux,H/F,Conseil départemental de l'Aveyron,Rodez,,,,,,CDD
Ingénieur-e en tenchniques biologiques,,Inserm,Toulouse,2000,,1000,Mensuel,12000,CDD
Administrateur-trice systèmes et réseaux,H/F,CNRS,Gif-sur-Yvette,2000,3000,2500,Mensuel,30000,CDD
Ingénieur,H/F,CNRS,Nantes,2000,3000,2500,Mensuel,30000,CDD
Ingénieur Système & Réseaux,,Université du Littoral Côte d'Opale (ULCO),Calais,2000,,1000,Mensuel,12000,CDD
Ingénieur Data Scientist / Développeur en Modélisation Statistique,H/F,Inria,Montbonnot-Saint-Martin,3000,,1500,Mensuel,18000,CDD
Ingénieur développement logiciel - DevOps,H/F,CNRS,Orsay,2000,,1000,Mensuel,12000,CDD
Assistant.e ingénieur.e,H/F,CNRS,Villeneuve-d'Ascq,2000,,1000,Mensuel,12000,CDD
Ingénieur(e) en cybersécurité,H/F,Université de Rouen Normandie,Mont-Saint-Aignan,2000,,1000,Mensuel,12000,CDD
"Ingénieur en Hygiène, Sécurité et Environnement",H/F,CNRS,Palaiseau,3000,,1500,Mensuel,18000,CDD
PH11390 Ingénieur.e de recherche en développement logiciel,,Université Paris Cité,Paris,,,,,,CDD
Ingénieur ou Ingénieure « IoT Center »,,Ecole des Mines de Saint-Étienne,Gardanne,,,,,,CDD
Ingénieur Système Stockage et Virtualisation,,Espritek,Toulon,5000,,2500,Mensuel,30000,CDD
Ingénieur Environnement Industriel,H/F,COMPAGNIE NATIONALE DU RHONE S.A.,Lyon,,,,,,CDD
ingénieur.e systèmes,,Grand Besançon Métropole,Besançon,,,,,,CDD
Ingénieur prévention des risques chimiques,H/F,Aix-Marseille Université,Marseille,,,,,,CDD
Chef de projets infrastructure et réseaux,H/F,Exodata,France,35000,,17500,Annuel,17500,CDD
Ingénieur d’étude en Informatique,H/F,UNIVERSITE DE PERPIGNAN,Tautavel,24000,28000,26000,Annuel,26000,CDD
Ingénieur d'étude et développement de logiciels -,H/F,Grenoble-INP,Saint-Martin-d'Hères,3000,,1500,Mensuel,18000,CDD
Ingénieur·e en techniques expérimentales,H/F,Université de Lille,Tourcoing,3000,,1500,Mensuel,18000,CDD
CDD - Ingénieur(e) sécurité environnement,H/F,CEA,Grenoble,,,,,,CDD
CDD – GIP ATGeRi – Ingénieur(e)/Technicien(ne) SIG – – Bordeaux (33),H/F,GIP ATGeRi,Bordeaux,,,,,,CDD
CDD - Ingénieur(e) Logiciel HPC Topologie pour projet européen Net4Exa,H/F,CEA,Bruyères-le-Châtel,,,,,,CDD
"Un(e) Administrateur réseaux, système et support",H/F,Grand Lac communauté d’agglomération,Aix-les-Bains,,,,,,CDD
Ingénieur-e d’études en instrumentation et pilotage d’essais,H/F,INSA TOULOUSE,Toulouse,2000,3000,2500,Mensuel,30000,CDD
CDD - Ingénieur Analyse des déformations de cristaux de silicium pour application photovoltaïque,H/F,CEA,Le Bourget-du-Lac,,,,,,CDD
Ingénieur Informatique Industrielle Salle Blanche,H/F,CEA,Grenoble,,,,,,CDD
Ingénieur de recherche - Expert en développement d'instrument (f/h),H/F,Université Grenoble Alpes,La Tronche,2000,,1000,Mensuel,12000,CDD
Project engineer Trainee (Marseille ou Lyon),,ECOLAB,Marseille,1000,2000,1500,Mensuel,18000,CDI
YACHT PROJECT ENGINEER,,Palmer Johnson,France,,,,,,CDI
CDI - Project Contract Engineer,H/F,TotalEnergies,France,,,,,,CDI
Junior Project Engineer Life Sciences,,ISALYS Group,Paris,,,,,,CDI
Engineering Project Engineer,,SBM Offshore,Marly,,,,,,CDI
