Titre,Entreprise,Localisation,Salaire,Contrat,Note_entreprise
Formation de reconversion ingénieur en informatique (H/F),Credit Mutuel,Strasbourg,€36K - €40K(Employer est.),CDI,3.9
Ingénieur Junior H/F,Cloud Factory Business Services,Nanterre,€35K - €40K(Employer est.),CDI,Non spécifié
Ingénieur en système d'information,Avenir Business Ressource,Télétravail,€35K(Employer est.),CDI,Non spécifié
Ingénieur en Automatisme/Informatique Industrielle F/H,Framatome,Romans-sur-Isère,€40K - €55K(Employer est.),CDI,4.0
Ingénieur·e en informatique industrielle,Attineos,Évreux,€32K - €36K(Employer est.),CDI,4.3
"Ingénieur en virtualisation, stockage et sauvegarde",Cost Solutions,Paris,€75K - €85K(Employer est.),CDI,Non spécifié
Ingénieur en automatisme et informatique industrielle H/F,Toyota Motor Manufacturing France,Onnaing,Non spécifié,CDI,4.0
Ingénieur d'affaires en informatique IT H/F,UTIGROUP PARIS,Levallois-Perret,€36K - €40K(Employer est.),CDI,3.2
Ingénieur en instrumention expérimenté - Dunkerque H/F,Capgemini Engineering,France,Non spécifié,CDI,3.5
Ingénieur en informatique industrielle (H/F),SparkyFlow,Taverny,€45K - €50K(Employer est.),CDI,Non spécifié
Ingénieur en informatique H/F,TEA,Vandoeuvre-lès-Nancy,Non spécifié,CDI,3.3
Ingénieure / Ingénieur opérations cybersécurité,Framatome,Massy,€45K - €55K(Employer est.),CDI,4.0
Ingénieur Test Système junior H/F,STEP UP,Eybens,€35K - €40K(Employer est.),CDI,4.0
Ingénieur.e infrastructure sécurité,CIRAD,Paris,€31K(Employer est.),CDI,3.8
Ingénieur virtualisation stockage H/F,Groum K,Puteaux,€63K - €83K(Employer est.),CDI,Non spécifié
Ingénieur Cybersécurité - Aix-en-Provence (H/F),MCA GROUPE,Aix-en-Provence,Non spécifié,CDI,3.7
Ingénieur en Physique Médicale (H/F),BIOMEDIQA,Paris,€30K(Employer est.),CDI,3.0
INGENIEUR EN INFORMATIQUE INDUSTRIELLE (H/F),INENTECH,Verrières-le-Buisson,€40K - €50K(Employer est.),CDI,Non spécifié
Ingénieur Fonctionnel Activ-Infinite H/F,Activus Group,Télétravail,€40K - €60K(Employer est.),CDI,2.4
Ingénieur Cybersécurité,Arsium,Villeurbanne,€45K - €55K(Employer est.),CDI,Non spécifié
Ingénieur(e) Cloud Junior,NOVA Technology,Strasbourg,€30K - €40K(Employer est.),CDI,3.3
Ingénieur Support Technique H/F,INFORMADIS HIBGEST,Les Ulis,€50K(Employer est.),CDI,4.0
Ingénieur(e) Projet En Informatique Industrielle H/F,Ekium,Martigues,Non spécifié,CDI,3.5
INGÉNIEUR CHIFFRAGE EN INFORMATIQUE INDUSTRIELLE,Equans,Le Bourget-du-Lac,Non spécifié,CDI,3.6
Ingénieur en informatique industrielle F/H,Cogelec,Mortagne-sur-Sèvre,€38K - €48K(Employer est.),CDI,4.3
Ingénieur Sécurité RUN Junior,TDS,Montreuil,€31K - €43K(Employer est.),CDI,3.4
Ingénieur Exploitation junior H/F,PAPREC,Saint-Benoît-la-Forêt,Non spécifié,CDI,3.3
Ingénieur informatique en prestation de services (ESN),Tana-Tech,Bordeaux,€34K - €50K(Employer est.),CDI,Non spécifié
Ingénieur Sécurité H/F,ATLANSE,Rueil-Malmaison,€50K - €60K(Employer est.),CDI,3.8
Ingénieur R&D en Sécurité fonctionnelle (Functional Safety),Secure IC,Rennes,Non spécifié,CDI,3.8
Ingénieur en électronique et informatique industrielle H/F,SATT AxLR,Montpellier,Non spécifié,CDD,4.2
Ingénieur/e en informatique décisionnelle,Inria,Talence,Non spécifié,CDD,4.3
Ingénieur en informatique dans l'expérience LHCb LPNHE/CPPM (H/F),CNRS,Paris,€3K - €4K(Employer est.),CDD,3.9
Technicien-électroacousticien ou Ingénieur Électronicien Audio HiFi (H/F),La Boite Concept,Soorts-Hossegor,€23K - €44K(Employer est.),CDD,Non spécifié
Ingénieur en cybersécurité H/F,ROAV7,Le Havre,€2K(Employer est.),CDD,5.0
Ingénieur en informatique: Développer et fournir de formation d'utilisateur sur une infrastructure scientifique. (H/F),CNRS,Valbonne,€2K(Employer est.),CDD,3.9
Ingénieur Système H/F,URSSAF CAISSE NATIONALE,Montreuil,Non spécifié,CDD,3.6
Ingénieur(e) R&D logiciel système embarqué,LPCA,Montluçon,Non spécifié,CDD,Non spécifié
Ingénieur.e Sécurité (F.H),GIRPI,Harfleur,Non spécifié,CDD,3.9
MN2S : Ingénieur système mécatronique R&D,FEMTO-ST,Besançon,€2K - €3K(Employer est.),CDD,4.4
Ingénieur cyberprotection - H/F,Armée de l'Air et de l'Espace,Lyon,€2K - €4K(Employer est.),CDD,4.0
Ingénieur-e DataOps pour un Système d’Information en agroécologie,INRAE,Dijon,€2K(Employer est.),CDD,4.0
Ingénieur(e) Sécurité Mainframe,Ciorane,Courbevoie,€55K - €57K(Employer est.),CDD,4.1
Ingénieur.e support - Centre Inria de l'Université de Lille - DSI-CDS (H/F),Inria,Lille,Non spécifié,CDD,4.3
Ingénieur logiciel cloud e-santé H/F,Agicia,Damrémont,€40K - €55K(Employer est.),CDD,Non spécifié
Ingénieur de recherche administrateur système DevOps & Sécurité H/F,CNRS,Gif-sur-Yvette,€3K - €4K(Employer est.),CDD,3.9
Ingénieur de formation H/F,UNIVERSITE DE REIMS CHAMPAGNE ARDENNE,Reims,Non spécifié,CDD,3.6
Ingénieur(e) Application et Support F/H V.I.E. – Etats-Unis (Boston),Imagine Optic,Orsay,€4K(Employer est.),CDD,4.0
[UT] Ingénieur Système (H/F),Université fédérale Toulouse Midi-Pyrénées,Toulouse,Non spécifié,CDD,3.5
[UT] Ingénieur Cloud (H/F),Université fédérale Toulouse Midi-Pyrénées,Toulouse,Non spécifié,CDD,3.5
Ingénieur Sécurité Opérationnelle H/F,Direction du Système d'Information de la Polynésie française,France,€3K(Employer est.),CDD,Non spécifié
Ingénieur(e) IAM H/F,L'École polytechnique,Palaiseau,Non spécifié,CDD,4.1
Ingénieur(e) Infrastructure Citrix AW,Ciorane,Paris,€40K - €48K(Employer est.),CDD,4.1
Ingénieur(e) d'exploitation Kubernetes senior,Ciorane,Paris,€60K - €65K(Employer est.),CDD,4.1
INGENIEUR SYSTEME INFRASTRUCTURE,Centre Hospitalier Sud Francilien,Corbeil-Essonnes,Non spécifié,CDD,3.8
Responsable du département infrastructures (H/F) - Ingénieur Hospitalier [40229],CHU de Besançon,Besançon,Non spécifié,CDD,3.2
INGÉNIEUR ARCHITECTE INFRASTRUCTURE SI RECHERCHE (H/F) (Nouvelle fenêtre),POLE DIRECTION,Bron,Non spécifié,CDD,3.6
Ingénieur.e Système DevOps Production H/F,AMUE,Montpellier,Non spécifié,CDD,2.9
Ingénieur support acquisition d'équipements microélectronique H/F,CEA,Grenoble,Non spécifié,CDD,4.1
"Data Engineer AWS, Docker, K8S, Terraform, Microservices, Python - Paris",Espritek,Paris,€9K - €11K(Employer est.),CDD,Non spécifié
Ingénieur en Intelligence Artificielle (H/F),Dedienne Aerospace,Toulouse,Non spécifié,CDI,2.9
Ingénieur Informatique spécialisé en Intelligence Artificielle (IA),NOVA PAGE,Montauban,Non spécifié,CDI,Non spécifié
Ingénieur de Recherche en Intelligence Artificielle de Confiance F/H,Safran,Magny-les-Hameaux,Non spécifié,CDI,3.9
Data Scientist spécialisé(e) en Intelligence Artificielle (IA) - MedTech,Mothair,Marseille,€40K - €80K(Employer est.),CDI,Non spécifié
Ingénieur en Intelligence Artificielle (H/F),DEDIENNE AEROSPACE,Toulouse,€35K - €45K(Employer est.),CDI,5.0
Ingénieur-Recherche en Intelligence Artificielle (H/F),l'ENTREPRISE,Grenoble,Non spécifié,CDI,5.0
Ingénieur Intelligence Artificielle Générative H/F,SOLYSTIC,Alixan,€47K - €60K(Employer est.),CDI,3.0
"Ingénieur Signal, Image & Intelligence Artificielle (H/F)",Noveltis,Labège,Non spécifié,CDI,3.7
"Ingénieur.e R&D en Automatique, Contrôle commande, Mathématiques Appliquées F/H",Safran,Massy,Non spécifié,CDI,3.9
Ingénieur R&D junior en deep learning (H/F),Smartpoint,Paris,Non spécifié,CDI,3.9
Ingénieur en Intelligence Artificielle (H/F),DEDIENNE AEROSPACE,Saint-Juéry,€35K - €45K(Employer est.),CDI,2.9
Ingénieur-e en conception électronique F/H,Safran,Massy,Non spécifié,CDI,3.9
Ingénieur en données H/F,VIVERIS,Grenoble,€35K - €45K(Employer est.),CDI,3.6
Ingénieur Intelligence Artificielle Générative H/F,SOLYSTIC,Valence,€45K - €60K(Employer est.),CDI,3.0
Ingénieur Instrumentation en nanométrologie (H/F),LNE,Paris,Non spécifié,CDI,3.6
Ingénieur en validation et vérification FPGA F/H,Safran,Éragny,Non spécifié,CDI,3.9
Ingénieur en conception mécanique F/H,Safran,Éragny,Non spécifié,CDI,3.9
Ingénieur Full Stack en Intelligence Artificielle (H/F),l'ENTREPRISE,Grenoble,Non spécifié,CDI,5.0
Ingénieur DevOps H/F,TimTek,Lyon,€37K - €45K(Employer est.),CDI,3.3
Ingénieur évaluation robotique / IA embarquée H/F,LNE,Paris,Non spécifié,CDI,3.6
Ingénieur Projet H/F,FONCTION:SUPPORT,Grenoble,€28K - €33K(Employer est.),CDI,4.9
Ingénieur d'études électroniques de mise en oeuvre senseurs inertiels F/H,Safran,Éragny,Non spécifié,CDI,3.9
Ingénieur en développement logiciel H/F,Seenovate,Bordeaux,€43K - €47K(Employer est.),CDI,3.6
Docteure / Docteur en intelligence artificielle au service de l'environnement,Capgemini Engineering,Paris,Non spécifié,CDI,3.5
Ingénieur de recherche - Vision artificielle H/F,IRT Railenium,Saint-Denis,€35K(Employer est.),CDI,3.5
Ingénieur Logiciel Robotique F/H,Safran,Massy,Non spécifié,CDI,3.9
Ingénieur-e Supply Chain stocks et en-cours F/H,Safran,Montluçon,Non spécifié,CDI,3.9
Ingénieur-e en Mécatronique F/H,Safran,Issoudun,Non spécifié,CDI,3.9
Ingénieur informatique H/F,ideal systeme,Estrablin,€28K - €40K(Employer est.),CDI,Non spécifié
CDI - Ingénieur Intelligence Drone Embarquée H/F,Naval Group,Saint-Tropez,Non spécifié,CDI,4.1
Ingénieur informatique/robotique en Architecture Logicielle et Intégration,Inria,Talence,€3K(Employer est.),CDD,4.3
Ingénieur/e en informatique décisionnelle,Inria,Talence,Non spécifié,CDD,4.3
Ingénieur IA (H/F),CHRU de Brest,Brest,Non spécifié,CDD,3.1
Expert en Intelligence Artificielle embarquée - F/H,Civils de la Défense,Bruz,Non spécifié,CDD,4.2
Expert en Intelligence Artificielle Optimisation et multi-agents - F/H,Civils de la Défense,Bruz,Non spécifié,CDD,4.2
Ingénieur scientifique contractuel / Cryptographie historique,Inria,Villers-lès-Nancy,€3K(Employer est.),CDD,4.3
Ingénieur Python NLP pour une application de fact-checking,Inria,Palaiseau,Non spécifié,CDD,4.3
Ingénieur en Perception Visuelle et Intégration,Inria,Talence,€3K(Employer est.),CDD,4.3
Ingénieur.e 4.0 (H/F),Université d'Evry,Évry,Non spécifié,CDD,3.7
"Apprentissage, classification d’images et Intelligence Artificielle générative pour l’aide au diagnostic du mélanome à partir d’images de cartographie corporelle","Laboratoire LIS, UMR 7020",Marseille,€550(Employer est.),CDD,4.1
CDD Ingénieur en électronique mixte analogique/numérique - capteurs inertiels hautes performances H/F,CEA,Grenoble,Non spécifié,CDD,4.1
Ingénieur Logiciel IA F/H,Aix-Marseille Université,Marseille,Non spécifié,CDD,3.6
Responsable Business Intelligence et gestion des données (H/F),Adama,Suresnes,Non spécifié,CDD,4.0
Doctorant en traitement du signal (Machine Learning / Radar) F/H,ECOLE NAVALE,Lanvéoc,€2K(Employer est.),CDD,2.7
Adjoint de la Responsable du pôle programmes nationaux de CNRS Sciences informatiques (H/F),CNRS,Valbonne,€3K - €4K(Employer est.),CDD,3.9
CDD Ingénieur en simulations multiphysiques - Machines tournantes / Piézoélectricité H/F,CEA,Grenoble,Non spécifié,CDD,4.1
Ingénieur de recherche en génie logiciel pour les modèles émergents en IA H/F,CEA,Grenoble,Non spécifié,CDD,4.1
Chercheur (post-doctoral) en mathématiques appliquées (f/h),Université Grenoble Alpes,Saint-Martin-d'Hères,€3K(Employer est.),CDD,4.1
Ingénieur-Chercheur en méthodes formelles et IA pour la cybersécurité logicielle bas niveau H/F,CEA,Palaiseau,Non spécifié,CDD,4.1
Ingénieur-chercheur en Electronique pour la Santé H/F,CEA,Grenoble,Non spécifié,CDD,4.1
Chercheur (post-doctoral) en géophysique dans le cadre du projet DEEPtrigger (f/h),Université Grenoble Alpes,Gières,€3K(Employer est.),CDD,4.1
Ingénieur de recherche administrateur système DevOps & Sécurité H/F,CNRS,Gif-sur-Yvette,€3K - €4K(Employer est.),CDD,3.9
Expert en Intelligence Artificielle et Datascience - F/H,Civils de la Défense,Bruz,Non spécifié,CDD,4.2
Ingénieur en éco-innovation pour le reconditionnement des Systèmes électroniques H/F,CEA,Grenoble,Non spécifié,CDD,4.1
"Ingénierie cognitive : une nouvelle approche transdisciplinaire des attaques dites par ""ingénierie sociale"" : un changement de paradigme en cybercriminalité","École Supérieure d’Ingénieurs Léonard de Vinci ; Paris, la Défense.",Paris,Non spécifié,CDD,Non spécifié
Ingénieur pour reconstituer des images basées sur l'IA pour l'imagerie IRMf SPARKLING à 11.7T H/F,CEA,Gif-sur-Yvette,Non spécifié,CDD,4.1
CDD Ingénieur en électronique mixte analogique/numérique - électroniques basse consommation H/F,CEA,Grenoble,Non spécifié,CDD,4.1
Chercheur (H/F),CNRS,Rennes,Non spécifié,CDD,3.9
Ingénieur-formateur Quantique / HPC Inria Academy (H/F),Inria,Paris,Non spécifié,CDD,4.3
Postdoc en Apprentissage Profond Géométrique (H/F),CNRS,Illkirch-Graffenstaden,€3K(Employer est.),CDD,3.9
Software Engineer (trading) H/F,Constella,Courbevoie,Non spécifié,CDI,Non spécifié
Data Engineer H/F PMSI/T2A,CIMEO,Télétravail,€35K - €50K(Employer est.),CDI,Non spécifié
Application Engineer - Robotics & Autonomous Systems,MathWorks,Meudon,Non spécifié,CDI,4.3
Intern Machine Learning Engineer - Recommender Systems (All Genders),Dailymotion,Paris,Non spécifié,CDI,3.8
Data Scientist / Machine Learning Engineer H/F,AIR FRANCE KLM,Roissy-en-France,Non spécifié,CDI,4.1
Software Engineer (trading) H/F,Constella,Courbevoie,Non spécifié,CDD,Non spécifié
Data Engineer H/F PMSI/T2A,CIMEO,Télétravail,€35K - €50K(Employer est.),CDD,Non spécifié
Application Engineer - Robotics & Autonomous Systems,MathWorks,Meudon,Non spécifié,CDD,4.3
Intern Machine Learning Engineer - Recommender Systems (All Genders),Dailymotion,Paris,Non spécifié,CDD,3.8
Data Scientist / Machine Learning Engineer H/F,AIR FRANCE KLM,Roissy-en-France,Non spécifié,CDD,4.1
CDI - Ingénieur Réseaux Infrastructures Informatiques Embarquées H/F,Naval Group,Ollioules,Non spécifié,CDI,4.1
Regional Sales Manager - Professional Haircare,evo,Télétravail,€80K(Employer est.),CDI,4.0
CMI Junior Manager,Givaudan,Argenteuil,Non spécifié,CDI,3.9
Creative Fragrance Manager,Givaudan,Argenteuil,Non spécifié,CDI,3.9
"Sales Director Nutra, Ingredients Europe",Givaudan,Avignon,Non spécifié,CDI,3.9
CDD RENFORT _ INTERNATIONAL RETAIL OPERATIONS STORE PROJECT MANAGER,Parfums Christian Dior,Neuilly-sur-Seine,Non spécifié,CDI,3.5
Adjoint de la Responsable du pôle programmes nationaux de CNRS Sciences informatiques (H/F),CNRS,Valbonne,€3K - €4K(Employer est.),CDD,3.9
Utilisation LLMs pour la spécification des politiques de partage des données - CDD - Paris-Saclay F/H,CEA,Palaiseau,Non spécifié,CDD,4.1
Regional Sales Manager - Professional Haircare,evo,Télétravail,€80K(Employer est.),CDD,4.0
CMI Junior Manager,Givaudan,Argenteuil,Non spécifié,CDD,3.9
Creative Fragrance Manager,Givaudan,Argenteuil,Non spécifié,CDD,3.9
"Sales Director Nutra, Ingredients Europe",Givaudan,Avignon,Non spécifié,CDD,3.9
CDD RENFORT _ INTERNATIONAL RETAIL OPERATIONS STORE PROJECT MANAGER,Parfums Christian Dior,Neuilly-sur-Seine,Non spécifié,CDD,3.5
Data Scientist / Machine Learning Engineer H/F,AIR FRANCE KLM,Roissy-en-France,Non spécifié,CDD,4.1
STAGIAIRE DATA SCIENTIST F/H - Lutte contre la Fraude Machine Learning & Data Science,Malakoff Humanis,Paris,Non spécifié,CDD,4.2
Data Scientist F/H,Safran,Magny-les-Hameaux,Non spécifié,CDD,3.9
Machine Learning Engineer (100% remote- France),Tether Operations Limited,Paris,Non spécifié,CDD,Non spécifié
Stage - Analyse de données / Machine Learning,Saint Gobain,Aubervilliers,Non spécifié,CDD,4.1
Data Engineer H/F - 2 ans d'expérience,Chouette,Paris,€45K(Employer est.),CDI,Non spécifié
Cloud Sales Engineer F/H/X,amaris,Boulogne-Billancourt,Non spécifié,CDI,3.6
Azure DevOps Engineer,InstaDeep,Paris,Non spécifié,CDI,3.7
Cloud Sustainability Engineer (H/F),CLOUD TEMPLE,Caen,Non spécifié,CDI,4.2
Cybersecurité Engineer,Lùkla,Paris,Non spécifié,CDI,3.5
Data Engineer H/F,ULTRA PREMIUM DIRECT,Bordeaux,Non spécifié,CDI,4.9
Software Engineer (Simulation),InstaDeep,Paris,Non spécifié,CDI,3.7
Pre-Sales Engineer H/F,Abbana,Paris,Non spécifié,CDI,3.8
Data Scientist / Engineer F/H/X,amaris,Levallois-Perret,Non spécifié,CDI,3.6
Senior Software Integration Engineer,PASQAL,Palaiseau,Non spécifié,CDI,4.3
"Lead, Software Engineer",Bain & Company Inc,Paris,Non spécifié,CDI,4.3
Technical Product Owner,Lenstra,Paris,Non spécifié,CDI,5.0
Senior Quantum Experimentalist for Cloud Hardware,Alice & Bob,Paris,Non spécifié,CDI,4.3
Data Scientist,DoubleVerify,Paris,Non spécifié,CDI,4.2
Senior DevOps Engineer,InstaDeep,Paris,Non spécifié,CDI,3.7
Senior Cloud Architect / Devops,Sensewaves,Paris,Non spécifié,CDI,Non spécifié
Développeur back-end - PP061,All Digital Network,Valbonne,Non spécifié,CDI,Non spécifié
Intermediate/Senior Data Engineer - Scientific Engine - CDI,Descartes Underwriting,Paris,Non spécifié,CDI,4.5
Data Architect F/H,Safran,Vélizy-Villacoublay,Non spécifié,CDI,3.9
Senior Software Engineer (Data Engineer),Paris Region Entreprises,Paris,Non spécifié,CDI,3.4
"Data Center Operations Technician, (Entry Level)",Forum Emploi-Formation-Alternance: Talents Handicap,Lacombe,Non spécifié,CDI,4.0
"Critical Environment Technician, DCEO",Forum Emploi-Formation-Alternance: Talents Handicap,France,Non spécifié,CDI,4.0
DataCenter Technician,Forum Emploi-Formation-Alternance: Talents Handicap,France,Non spécifié,CDI,4.0
Data Engineer - Energy & Utilities - Ile-de-France,Forum Emploi-Formation-Alternance: Talents Handicap,Nanterre,Non spécifié,CDI,4.0
Security Program Manager,Forum Emploi-Formation-Alternance: Talents Handicap,France,Non spécifié,CDI,4.0
"Engineering Operations Technician , Data Center Engineering Operations",Forum Emploi-Formation-Alternance: Talents Handicap,France,Non spécifié,CDI,4.0
Data Center Manager,Forum Emploi-Formation-Alternance: Talents Handicap,Lacombe,Non spécifié,CDI,4.0
"Cloud Application Architect, SDT AM3 FR",Forum Emploi-Formation-Alternance: Talents Handicap,France,Non spécifié,CDI,4.0
"Data Center Security Manager, DC Security",Forum Emploi-Formation-Alternance: Talents Handicap,France,Non spécifié,CDI,4.0
Data Center Engineering Operations Technician,Forum Emploi-Formation-Alternance: Talents Handicap,Lacombe,Non spécifié,CDI,4.0
Development & Research Engineer @ Alpes-Grenoble: Deep and Shallow Parallel Data Processing on Supercomputers,Inria,Saint-Martin-d'Hères,Non spécifié,CDD,4.3
Post-Doctoral Research Visit F/M Cooperative Inference Strategies,Inria,Antibes,Non spécifié,CDD,4.3
Architect Cloud,Nyou,Paris,€55K - €65K(Employer est.),CDD,Non spécifié
Architecte cloud,Messilat,Trappes,€46K - €87K(Employer est.),CDD,Non spécifié
Cloud Architect,Sfeir,Paris,Non spécifié,CDD,4.0
ALTERNANCE - Integration Architect H/F - Septembre 2024,Chanel,Neuilly-sur-Seine,Non spécifié,CDD,5.0
Consultant Production Cloud/DevOps (H/F),HCUB3,Paris,€45K(Employer est.),CDD,Non spécifié
Data Scientist F/H,Safran,Magny-les-Hameaux,Non spécifié,CDI,3.9
Stage R&D- Ingénieur Data Science ou Informatique (H/F),Diagnostica Stago,Gennevilliers,Non spécifié,CDI,3.4
Data Scientist H/F,Galois & Co.,Levallois-Perret,€45K - €75K(Employer est.),CDI,Non spécifié
Data Scientist H/F,KPMG,Courbevoie,€47K(Employer est.),CDI,Non spécifié
Stage Data Science H/F PARIS • Stage,Galeries Lafayette,Paris,€1K(Employer est.),CDI,4.0
Téléconseiller Assurance Maladie H/F,CPAM DE LA HAUTE-VIENNE,Limoges,€2K(Employer est.),CDI,3.5
Téléconseiller(e) - Service d'Information Téléphonique Saint-Etienne,CPAM DE LA LOIRE,Saint-Étienne,€2K(Employer est.),CDI,3.5
SAISONNIERS EMPLOYÉ POLYVALENT MAGASIN H/F LE MANS,SMYTHS TOYS FRANCE,La Chapelle-Saint-Aubin,Non spécifié,CDI,3.7
Téléconseiller en assurance H/F,Owliance - Tessi,Reims,€2K(Employer est.),CDI,2.6
Gestionnaire assurance-vie,FAPES Diffusion courtier d’assurance,Paris,€3K(Employer est.),CDI,Non spécifié
Téléconseiller Assurance Maladie H/F,CPAM DE LA HAUTE-VIENNE,Limoges,€2K(Employer est.),CDD,3.5
Téléconseiller(e) - Service d'Information Téléphonique Saint-Etienne,CPAM DE LA LOIRE,Saint-Étienne,€2K(Employer est.),CDD,3.5
SAISONNIERS EMPLOYÉ POLYVALENT MAGASIN H/F LE MANS,SMYTHS TOYS FRANCE,La Chapelle-Saint-Aubin,Non spécifié,CDD,3.7
Téléconseiller en assurance H/F,Owliance - Tessi,Reims,€2K(Employer est.),CDD,2.6
Gestionnaire assurance-vie,FAPES Diffusion courtier d’assurance,Paris,€3K(Employer est.),CDD,Non spécifié
Ingénieur bureau d'études H/F,DELTA BOX,Douai,€34K - €38K(Employer est.),CDI,Non spécifié
Ingénieur chargé d'études H/F,EIFFAGE ENERGIE SYSTEME,Le Mans,€38K - €40K(Employer est.),CDI,3.8
Ingénieur(e) Electricité – Junior,Doris Group,Paris,Non spécifié,CDI,4.0
Ingénieur Robotique H/F,SOLYSTIC,Alixan,€45K - €55K(Employer est.),CDI,3.0
Ingénieur Chargé d'Etudes Photovoltaïques F/H,SEE YOU SUN,Cesson-Sévigné,Non spécifié,CDI,5.0
Ingénieur Développement Backend - Python - F/H,SIMULIA,Villeneuve-d'Ascq,Non spécifié,CDI,4.0
Ingénieur ou Ingénieure Essayeur Dépanneur,SNCF Cadres,Tergnier,€35K - €45K(Employer est.),CDI,3.9
Ingénieur Process & Amélioration Continue F/H,Barry Callebaut,Louviers,Non spécifié,CDI,3.7
Ingénieur Technico-Commercial (Strasbourg)- F/H,MB ELECTRONIQUE,Télétravail,€45K - €75K(Employer est.),CDI,3.2
Ingénieur d’affaires H/F,DV Groupe,Douvrin,Non spécifié,CDI,3.4
Ingénieur vision industrielle (H/F),SparkyFlow,Marseille,€37K - €44K(Employer est.),CDI,Non spécifié
Ingénieur bureau d'études (H/F),SNEF,Berre-l'Étang,Non spécifié,CDI,3.5
Ingénieur éléctricité industrielle H/F,Extia Ingenierie,Lille,Non spécifié,CDI,4.3
Ingénieur génie électrique H/F,New-E,Paris,€32K - €45K(Employer est.),CDI,Non spécifié
Ingénieur d’études – H/F,ITOPP,Thégra,Non spécifié,CDI,3.4
Ingénieur Chargé d’Exploitation IRVE (H/F),TotalEnergies,France,Non spécifié,CDI,4.0
Ingénieur Développement Machine Spéciale Robotique F/H,Framatome,Saint-Paul-lès-Durance,€40K - €50K(Employer est.),CDI,4.0
Ingénieur SCADA,Reisel,Saint-Nazaire,Non spécifié,CDI,4.5
Ingénieur Étude Électrotechnique (H/F),gpi,Belley,Non spécifié,CDI,3.4
Ingénieur Automatisme H/F,Saft,Poitiers,Non spécifié,CDI,3.3
Ingénieur Systemes Embarqués,Manitou Group,Ancenis,Non spécifié,CDI,3.7
Ingénieur développement de convertisseurs F/H,B-HIVE,Strasbourg,Non spécifié,CDI,4.2
Ingénieur(e) Développement Logiciel (H/F),Xenocs,Grenoble,Non spécifié,CDI,4.3
INGÉNIEUR MÉCATRONIQUE H/F,NOVAIR,Roissy-en-France,€44K - €45K(Employer est.),CDI,3.0
Ingénieur-e Automatisme / Mécatronique F/H,Safran,France,Non spécifié,CDI,3.9
Chargé d'études junior en hydraulique urbaine H/F,Nov'Assist,Yutz,€30K - €40K(Employer est.),CDI,Non spécifié
Ingénieur Fiabilité (H/F),Adisseo,Commentry,Non spécifié,CDI,3.8
Ingénieur Chargé d’Affaires (H/F),BC CAIRE,Méry,Non spécifié,CDI,Non spécifié
Ingénieur en conception électrotechnique F/H,Groupe OKWIND,Torcé,Non spécifié,CDI,3.1
Ingénieur Etudes Electricité HTB HTA,IMOGIS,Nanterre,€48K(Employer est.),CDI,3.5
Ingénieur désigneur des éléments d'exposition F/H,Universcience,Paris,€40K - €43K(Employer est.),CDD,3.5
Ingénieur Automatisme - Énergies Renouvelables,Welight Citiz,Grenoble,€36K(Employer est.),CDD,Non spécifié
Ingénieur bureau d’études techniques - électricité industrielle (F/H),Eiffage Énergie Systèmes,Vichy,Non spécifié,CDD,3.7
"CDD- Ingénieur d'études fonctionnelles (mécanique, électrotechnique et fluides) sur drones H/F",Naval Group,Lorient,Non spécifié,CDD,4.1
Ingénieur électronicien,INSA Strasbourg,Strasbourg,€30K - €36K(Employer est.),CDD,3.6
Ingénieur R&D Haute Tension et Matériaux F/H,Axon Cable,Montmirail,€33K(Employer est.),CDD,3.1
Assistant ingénieur en instrumentation pour la physique nucléaire (H/F),CNRS,Caen,€2K - €3K(Employer est.),CDD,3.9
CDD - Ingénieur équipement Lithographie F/H,STMicroelectronics,Crolles,Non spécifié,CDD,4.0
Ingénieure/Ingénieur d'études en instrumentation expérimentation et mesure (H/F),ENPC,Champs-Sur-Marne,Non spécifié,CDD,3.1
INGENIEUR-E METHODES FABRICATION F/H,Safran,Charmeil,Non spécifié,CDD,3.9
Ingénieur Etudes et Industrialisation en électronique (H/F),NSE,Varennes-sur-Allier,Non spécifié,CDD,3.0
Électricien Photovoltaïque (H/F),SNEF,Garons,Non spécifié,CDD,3.5
Ingénieur mise en service (F/H),EIFFAGE ENERGIE SYSTEMES,Le Mans,€31K - €33K(Employer est.),CDD,3.8
Ingénieur Etudes et Industrialisation en électronique (H/F),NSE Groupe,Varennes-sur-Allier,Non spécifié,CDD,3.8
Ingénieur en Automatisme (H/F),CNRS,Caen,€2K - €3K(Employer est.),CDD,3.9
Assistant ingénieur électrotechnicien H/F - Réf. 399,CNRS,Caen,€2K - €3K(Employer est.),CDD,3.9
CDD Ingénieur en simulations multiphysiques - Machines tournantes / Piézoélectricité H/F,CEA,Grenoble,Non spécifié,CDD,4.1
Ingénieur Qualification Nucléaire,TAFINAR,Mulhouse,Non spécifié,CDD,Non spécifié
CDD - Ingénieur Travaux et Maintenance H/F,CEA,Saint-Paul-lès-Durance,Non spécifié,CDD,4.1
"Technicien Électronique, Électrotechnique, Contrôle-commande H/F",INSA ROUEN NORMANDIE,Saint-Étienne-du-Rouvray,€2K(Employer est.),CDD,4.3
TECHNICIEN DE MAINTENANCE (F/H) - SERVICE BIOMEDICAL,Centre Hospitalier de Dreux,Dreux,Non spécifié,CDD,1.0
Electrotechnicien bancs d'énergie pulsés haute tension (H/F),CNRS,Palaiseau,€2K - €3K(Employer est.),CDD,3.9
TECHNICIEN BIOMEDICAL (H/F),Centre hospitalier de Roanne,Roanne,Non spécifié,CDD,4.0
Chargé d'affaires PV (H/F),Albioma,Sainte-Marie-de-Ré,Non spécifié,CDD,3.6
Electromécanicien (H/F) - 100% - Pôle logistique,Hopitaux Universitaire de Strasbourg,Strasbourg,Non spécifié,CDD,3.6
Electromécanicien (H/F) - 100% - Pôle logistique,Hôpital de Hautepierre,Strasbourg,Non spécifié,CDD,3.6
ELECTRICIEN,Centre hospitalier spécialisé Pierre LÔO,La Charité-sur-Loire,Non spécifié,CDD,2.0
Electromécanicien de maintenance (H/F) – 100% – Blanchisserie des HUS,Hôpitaux Universitaires de Strasbourg,Strasbourg,Non spécifié,CDD,3.6
Electromécanicien (H/F) – 100% – Pôle logistique,Hôpitaux Universitaires de Strasbourg,Strasbourg,Non spécifié,CDD,3.6
Technicien Supérieur Exploitation d'Instrument (H/F) Réf. 393,Ganil,Caen,€2K(Employer est.),CDD,4.0
Ingénieur ou ingénieure Génie Civil junior,SNCF Cadres,Longueil-Sainte-Marie,€35K - €42K(Employer est.),CDI,3.9
Ingénieur Génie Civil F/H,B-HIVE,Marseille,Non spécifié,CDI,4.2
Ingénieur Génie Civil,Cleeven Se,Biot,€25K - €45K(Employer est.),CDI,3.3
Ingénieur d'études en génie civil H/F,Brawo Search,Soisy-sous-Montmorency,Non spécifié,CDI,Non spécifié
Technicien.ne assistant.e d'ingénieur.e Génie Civil - Louvres,LABINFRA - Groupe Hydrogéotechnique,Louvres,€3K(Employer est.),CDI,3.6
Ingénieur en génie civil H/F,KADRA Consultants,Sorgues,€40K(Employer est.),CDI,Non spécifié
Ingénieur Calculateur en Génie Civil H/F,ACFT Bureau d'Études,Gonfreville-l'Orcher,€36K(Employer est.),CDI,Non spécifié
Ingénieur Génie Civil H/F,Bee Engineering,Toulouse,€32K - €55K(Employer est.),CDI,3.8
Ingénieur data-IA - Génie Civil - CDI F/H,Eiffage,Vélizy-Villacoublay,Non spécifié,CDI,3.8
Ingénieur d'études en génie civil H/F,IRSN,Fontenay-aux-Roses,Non spécifié,CDI,4.2
Ingénieur(e) Consultant(e) en Génie Civil,Oméa,Paris,€35K - €55K(Employer est.),CDI,4.0
Ingénieur(e) Géotechnique Génie Civil,Astron,Lyon,€30K - €55K(Employer est.),CDI,3.9
Ingénieur Génie Civil (H/F),Extia Ingenierie,Aix-en-Provence,Non spécifié,CDI,4.3
Technicien(ne) / Ingénieur(e) Génie Civil,INGEREM,Marseille,Non spécifié,CDI,Non spécifié
Ingénieur Génie Civil (F/H),MYTTRA,Avignon,Non spécifié,CDI,5.0
Ingénieur Génie Civil d'Art (F/H),SETI,Labège,€36K(Employer est.),CDI,Non spécifié
Ingénieur structure H/F,MO INGENIERIE FRANCE,Guyancourt,€45K - €55K(Employer est.),CDI,Non spécifié
"Ingénieur ouvrages d'art, Génie Civil, Structures (H/F)",Ikos,Paris,Non spécifié,CDI,3.4
Ingénieur Génie Civil Conception Bâtiment F/H,Edvance,Montrouge,€40K - €48K(Employer est.),CDI,4.0
Ingénieur ou ingénieure maintenance travaux Génie civil,SNCF Cadres,Saverne,€35K - €42K(Employer est.),CDI,3.9
Ingénieur Génie Civil / Géotechnique / Environnement F/H,B-HIVE,Lyon,Non spécifié,CDI,4.2
"Ingénieur, ingénieure génie civil, Paris Saint Lazare",SNCF Cadres,Paris,€35K - €42K(Employer est.),CDI,3.9
Ingénieur structures - Génie civil - CDI F/H,Eiffage,Toulouse,Non spécifié,CDI,3.8
Technicienne ou Technicien Génie Civil,Circet,Saint-Lô,Non spécifié,CDI,3.0
Ingénieur Génie Civil expérimenté (H/F),ADIWATT,Fontaine-Raoul,Non spécifié,CDI,3.2
Ingénieur génie civil H/F,ECP - Euro Contrôle Projet,Cherbourg-Octeville,Non spécifié,CDI,3.2
Ingénieur(e) Conception en VRD Génie Civil,Astron,Paris,€30K - €50K(Employer est.),CDI,3.9
Ingénieur Calcul Structures Génie Civil (H/F),ADIWATT,Fontaine-Raoul,Non spécifié,CDI,3.2
Ingénieure/ Ingénieur chercheur en génie civil F/H,EDF,Saclay,€45K - €55K(Employer est.),CDI,4.1
Ingénieur génie civil structures,IOTA INDUSTRIE,France,Non spécifié,CDI,3.6
Alternant QSE - Génie Civil Infra Linéaires - Alternance F/H,Eiffage,Santeny,Non spécifié,CDD,3.8
Assistant ingénieur H/F Matériaux - Génie Civil,ECOLE CENTRALE DE NANTES,Nantes,€24K - €27K(Employer est.),CDD,Non spécifié
Chargé d’études– Eiffage Génie civil Infra linéaires - Alternance F/H,Eiffage,Bolbec,Non spécifié,CDD,3.8
Employé Administratif Génie Civil H/F - Sassenage/ Isère (38) - CDD 6 mois,CONSTRUCTEL,Sassenage,€2K(Employer est.),CDD,3.3
Technicien Génie Civil F/H CDD,PCM Génie Civil et Ouvrages d'Art,Lisses,€28K - €45K(Employer est.),CDD,2.9
Ingénieur en techniques expérimentales en génie des procédés/énergie (f/h),Université Grenoble Alpes,Gières,€2K(Employer est.),CDD,4.1
Ingénieur d’études en techniques biologiques,Inserm,Nice,Non spécifié,CDD,3.6
Assistant-e Ingénieur-e en techniques biologiques,Inserm,Paris,€2K(Employer est.),CDD,3.6
Ingénieur projet Génie Civil H/F,CEA,Bagnols-sur-Cèze,Non spécifié,CDD,4.1
Ingénieur Construction Navale,SEAMED FRANCE,Port-la-Nouvelle,€40K - €42K(Employer est.),CDD,Non spécifié
Ingénieur en techniques biologistes,Université du Littoral Côte d'Opale (ULCO),Boulogne-sur-Mer,€3K(Employer est.),CDD,3.4
Ingénieur en techniques biologiques (H/F),Inserm,Bordeaux,€2K - €4K(Employer est.),CDD,3.6
Ingénieur - Ingénieure en techniques expérimentales H/F,CNRS,Toulouse,€2K - €3K(Employer est.),CDD,3.9
Contrôleur de Travaux Bâtiments / Génie Civil,COMMUNAUTE AGGLOMERATION CANNES PAYS DE LERINS,Cannes,€2K - €3K(Employer est.),CDD,2.5
Assistant Ingénieur - Plateaux techniques sciences du mouvement humain (H/F),Université de Toulon,La Garde,Non spécifié,CDD,3.2
Ingénieur(re) de recherche robotique de construction (H/F),CNRS,Nantes,€3K(Employer est.),CDD,3.9
SID1995 INGENIEUR SPECIALISE CONCEPTION GENIE CIVIL F/H F/H,Civils de la Défense,Toulon,€3K(Employer est.),CDD,4.2
Ingénieur.e Structure,COTEC,Pantin,Non spécifié,CDD,3.5
Assistant ingénieur en instrumentation et techniques expérimentales (H/F),Université Claude Bernard Lyon 1,Villeurbanne,€2K(Employer est.),CDD,3.9
Chargé d'Affaires Génie Civil H/F,CEA,Bagnols-sur-Cèze,Non spécifié,CDD,4.1
Ingénieur bureau d’études techniques - électricité industrielle (F/H),Eiffage Énergie Systèmes,Vichy,Non spécifié,CDD,3.7
Adjoint.e Technique en Génie Civil F/H - 237,Universite Toulouse III Paul Sabatier,Toulouse,Non spécifié,CDD,3.6
Ingénieur structures architecturées 12 mois (H/F),ONERA,Châtillon,Non spécifié,CDD,4.3
Assistante ingénieur en instrumentation et techniques expérimentales (H/F),CNRS,Orsay,€2K - €3K(Employer est.),CDD,3.9
Conducteur de travaux/Ingénieur travaux / Maître d’œuvre d’exécution,EDDA INGÉNIERIE,Paris,€35K - €55K(Employer est.),CDD,Non spécifié
Ingénieur·e en techniques expérimentales H/F,Université de Lille,Tourcoing,€3K(Employer est.),CDD,4.3
Ingénieur stagiaire H/F - relation structure propriétés résines méthacrylates,ENSTA bretagne,Brest,Non spécifié,CDD,4.3
CONDUCTEUR/TRICE DE TRAVAUX,GRAND BOURG HABITAT,Bourg-en-Bresse,€30K(Employer est.),CDD,Non spécifié
Assistant ingénieur en instrumentation et techniques expérimentales (H/F),Université Paris-Saclay,Orsay,Non spécifié,CDD,4.0
Ingénieur Informatique - Applicatif métier et environnement technique Microsoft [47090],CENTRE DE SANTE MENTALE ANGEVIN (CESAME),Sainte-Gemmes-sur-Loire,€34K(Employer est.),CDD,Non spécifié
Ingénieur évaluation robotique / IA embarquée H/F,LNE,Paris,Non spécifié,CDI,3.6
Ingénieur Logiciel Robotique F/H,Safran,Massy,Non spécifié,CDI,3.9
Ingénieur Robotique H/F,SOLYSTIC,Alixan,€45K - €55K(Employer est.),CDI,3.0
Ingénieur de recherche Robotique,Novadem,Aix-en-Provence,€40K - €50K(Employer est.),CDI,Non spécifié
Ingénieur en mécatronique-robotique,SYNCHROTRON SOLEIL,Saint-Aubin,Non spécifié,CDI,3.9
Ingénieur développement Robotique (H/F),VitiBot,Reims,€38K(Employer est.),CDI,4.1
INGÉNIEUR ROBOTIQUE - SUPPORT TECHNIQUE H/F,JNOV TECH,Toulouse,€34K - €45K(Employer est.),CDI,Non spécifié
Ingénieur d’étude en logiciel embarqué junior,MICROTEC,Ramonville-Saint-Agne,€36K - €40K(Employer est.),CDI,3.8
Ingénieur robotique F/H,UMAKE OCCITANIE,Toulouse,€30K - €40K(Employer est.),CDI,Non spécifié
Ingénieur·e Méthodes Robotique et Automatisation F/H,Safran,Gennevilliers,Non spécifié,CDI,3.9
INGÉNIEUR(E) PROJETS ROBOTIQUE (H/F/X),Equans,Villemandeur,€40K - €45K(Employer est.),CDI,3.6
Ingénieur Robotique F/H,CTS Corporate,Eysines,€40K(Employer est.),CDI,3.4
Ingénieur.e en mécatronique-robotique,SOLEIL Synchrotron,Saint-Aubin,Non spécifié,CDI,3.9
INGÉNIEUR DÉVELOPPEMENT LOGICIEL EMBARQUÉ H/F,JNOV TECH,Toulouse,€32K - €42K(Employer est.),CDI,Non spécifié
Ingénieur robotique H/F,CKSQUARE,Romagnat,€34K - €40K(Employer est.),CDI,1.0
Ingénieur Développement Machine Spéciale Robotique F/H,Framatome,Saint-Paul-lès-Durance,€40K - €50K(Employer est.),CDI,4.0
Ingénieur avionique Electronique/ Systèmes embarqués F/H,GROUPE EXCENT,Mérignac,Non spécifié,CDI,3.9
Ingénieur Vision par Ordinateur – Algorithmes d'Odométrie Visuelle H/F,LR Technologies,Paris,€42K - €52K(Employer est.),CDI,3.5
Ingénieur matériaux polymères / composites,Energeo Technologies,Saint-Rémy-lès-Chevreuse,€37K - €46K(Employer est.),CDI,3.5
Ingénieur∙e Développement Logiciel Embarqué,RTSYS,Caudan,€30K - €35K(Employer est.),CDI,Non spécifié
Ingénieur.e de Maintenance en Robotique,Enchanted Tools,Paris,Non spécifié,CDI,4.0
Ingénieur robotique (H/F),SparkyFlow,Taverny,€45K - €50K(Employer est.),CDI,Non spécifié
Ingénieur Intelligence Artificielle Générative H/F,SOLYSTIC,Alixan,€47K - €60K(Employer est.),CDI,3.0
Ingénieur en robotique mobile : Data Scientist et développement C/C++ (F/H),KNDS,Versailles,Non spécifié,CDI,3.8
Ingénieur Automatisme / Informatique Industrielle (F / H),ACNS,Milly-la-Forêt,Non spécifié,CDI,4.3
Ingénieur logiciel embarqué C/C++ Qt,OneSide Technologies,Levallois-Perret,Non spécifié,CDI,3.4
Ingénieur conception mécanique Solidworks,Energeo Technologies,Saint-Rémy-lès-Chevreuse,€38K - €43K(Employer est.),CDI,3.5
Ingénieur conception électronique H/F,Novadem,Aix-en-Provence,€40K - €50K(Employer est.),CDI,Non spécifié
Jobposting - Ingénieur logiciel embarqué,OneSide Technologies,Évry,Non spécifié,CDI,3.4
Ingénieur conception mécanique H/F,Electroimpact france,Colomiers,€34K - €40K(Employer est.),CDI,3.6
Ingénieur(e) en robotique (H/F),CNRS,Nantes,€3K - €4K(Employer est.),CDD,3.9
Ingénieur informatique/robotique en Architecture Logicielle et Intégration,Inria,Talence,€3K(Employer est.),CDD,4.3
Ingénieur en Robotique H/F,YONA,Grenoble,Non spécifié,CDD,3.3
Ingénieur en analyse de données bioinformatiques (H/F),CNRS,Rennes,€2K - €3K(Employer est.),CDD,3.9
Ingénieur(re) de recherche robotique de construction (H/F),CNRS,Nantes,€3K(Employer est.),CDD,3.9
Ingénieur R&D ROBOTIQUE COBOTIQUE (H/F),IRT Jules VERNE,Nantes,Non spécifié,CDD,3.8
Poste Ingénieur « Développement logiciel IA »,Inria,Antibes,€3K(Employer est.),CDD,4.3
"Poste d'Ingénieur R&D en Robotique Sociale à Inria, Grenoble, France",Inria,Montbonnot-Saint-Martin,€3K(Employer est.),CDD,4.3
Ingénieur en électronique et informatique industrielle H/F,SATT AxLR,Montpellier,Non spécifié,CDD,4.2
Ingénieur.e 4.0 (H/F),Université d'Evry,Évry,Non spécifié,CDD,3.7
Ingénieur (H/F),CNRS,Rennes,€3K(Employer est.),CDD,3.9
Ingénieur Méthodes F/H,KNDS,Roanne,Non spécifié,CDD,3.8
Ingénieur Matériaux composite H/F,GROUPE EXCENT,Figeac,Non spécifié,CDD,3.9
Ingénieur/e en informatique décisionnelle,Inria,Talence,Non spécifié,CDD,4.3
Ingénieur électronicien,INSA Strasbourg,Strasbourg,€30K - €36K(Employer est.),CDD,3.6
Ingénieur de recherche en localisation et cartographie collaborative (H/F),CNRS,Compiègne,€2K(Employer est.),CDD,3.9
Ingénieur(e) en conception et fabrication mécanique H/F,NANTES UNIVERSITE,Carquefou,€24K - €37K(Employer est.),CDD,4.0
Ingénieur mesures nucléaires H/F,CEA,Bagnols-sur-Cèze,Non spécifié,CDD,4.1
Ingénieur de recherche : SURETE DE FONCTIONNEMENT DANS LE DOMAINE DU NUCLEAIRE,ESIGELEC,Saint-Étienne-du-Rouvray,€30K - €35K(Employer est.),CDD,3.7
Ingénieur Mécanique F/H,KNDS,Bourges,Non spécifié,CDD,3.8
Adjoint de la Responsable du pôle programmes nationaux de CNRS Sciences informatiques (H/F),CNRS,Valbonne,€3K - €4K(Employer est.),CDD,3.9
Ingénieur.e de recherche en Instrumentation scientifique H/F,NANTES UNIVERSITE,Nantes,€26K - €42K(Employer est.),CDD,4.0
Développeur Full Stack H/F,AgreenCulture,Toulouse,€40K(Employer est.),CDD,Non spécifié
Ingénieur DevOps H/F,YONA,Grenoble,Non spécifié,CDD,3.3
Ingénieur en Perception Visuelle et Intégration,Inria,Talence,€3K(Employer est.),CDD,4.3
Ingénieur maintenance lithographie H/F,CEA,Grenoble,Non spécifié,CDD,4.1
Ingénieur de recherche en apprentissage automatique pour la navigation des véhicules terrestres autonomes,Inria,Paris,Non spécifié,CDD,4.3
Chercheur Post-Doctorant (H/F),CNRS,Rennes,€3K(Employer est.),CDD,3.9
Ingénieur logiciel embarqué pour la Sécurité des Systèmes électroniques H/F,CEA,Grenoble,Non spécifié,CDD,4.1
Coordinatrice.eur de projet européen,Inria,Villeneuve-d'Ascq,Non spécifié,CDD,4.3
Ingénieur mécanique H/F,OPTIMUM TRACKER,Meyreuil,€40K - €45K(Employer est.),CDI,4.7
Ingénieur conception mécanique – Pertuis (H/F),EPSYL AIX,Pertuis,€35K - €45K(Employer est.),CDI,3.4
Ingénieur conception mécanique Solidworks,Energeo Technologies,Saint-Rémy-lès-Chevreuse,€38K - €43K(Employer est.),CDI,3.5
Ingénieur Conception Mécanique Outillage H/F,Olys Engineering,Cergy,€36K - €40K(Employer est.),CDI,4.5
Ingénieur mécanique H/F,Eiffage Energie Systèmes,Neuilly-Plaisance,Non spécifié,CDI,3.8
Ingénieur mécanique H/F,Noviac,Bordeaux,€35K - €45K(Employer est.),CDI,Non spécifié
Ingénieur mécanique H/F,BLADE CAM,Paris,€36K - €42K(Employer est.),CDI,Non spécifié
Ingénieur conception mécanique/moyens industriels,OneSide Technologies,Les Clayes-sous-Bois,Non spécifié,CDI,3.4
Ingénieur Conception Mécanique / Essais,ROBOPLANET,Nantes,€30K - €45K(Employer est.),CDI,Non spécifié
Ingénieur conception mécanique H/F,Electroimpact france,Colomiers,€34K - €40K(Employer est.),CDI,3.6
Ingénieur mécanique H/F,HENSOLDT France,Plaisir,€45K(Employer est.),CDI,3.9
Ingénieur conception mécanique H/F,EPSYL ALCEN,Saclay,€30K - €45K(Employer est.),CDI,3.4
Ingénieur Conception mécanique H/F,AMEG GROUP,Bourg-en-Bresse,Non spécifié,CDI,3.3
Ingénieur conception mécanique H/F,IMF Ingénierie,Villers-lès-Nancy,Non spécifié,CDI,Non spécifié
Ingénieur Conception Mécanique,SUD AUTOMATION,Eaunes,€36K - €48K(Employer est.),CDI,Non spécifié
Ingénieur Mécanique Junior F/H,Preysta Nord,Valenciennes,Non spécifié,CDI,Non spécifié
Ingénieur calcul mécanique F/H,B-HIVE,Saint-Paul-lès-Durance,Non spécifié,CDI,4.2
Ingénieur conception mécanique H/F,GESG,Bazas,Non spécifié,CDI,4.0
Ingénieur Conception Mécanique,Groupe INGELIANCE,Saclay,Non spécifié,CDI,3.2
Ingénieur conception mécanique H/F,OneSide Technologies,Levallois-Perret,Non spécifié,CDI,3.4
Ingénieur conception mécanique Créo,OneSide Technologies,Les Ulis,Non spécifié,CDI,3.4
Ingénieur mécanique (H/F),Sophia Engineering,Courbevoie,€27K - €50K(Employer est.),CDI,4.1
Ingénieur Conception mécanique H/F,AMEG GROUP,Saint-Priest,Non spécifié,CDI,3.3
Ingénieur Conception Mécanique (H/F),Extia Ingenierie,Toulon,Non spécifié,CDI,4.3
Ingénieur conception mécanique H/F,PRODIGYUS,Le Liège,€30K - €50K(Employer est.),CDI,Non spécifié
Ingénieur mécanique H/F,EPSYL ALCEN,Villejuif,€35K - €45K(Employer est.),CDI,2.5
Ingénieur conception mécanique creo H/F,Sophia Engineering,Courbevoie,€38K - €50K(Employer est.),CDI,4.1
Ingénieur Conception Mécanique,MAÉ Technologies,Neuilly-sur-Seine,€30K - €50K(Employer est.),CDI,3.2
Ingénieur mécanique H/F,ANOD,Paris,€45K - €53K(Employer est.),CDI,Non spécifié
Ingénieur conception mécanique,OneSide Technologies,Châlette-sur-Loing,Non spécifié,CDI,3.4
ingénieur d'étude génie mécanique (H/F),CNRS,Toulouse,€2K - €3K(Employer est.),CDD,3.9
"CDD- Ingénieur d'études fonctionnelles (mécanique, électrotechnique et fluides) sur drones H/F",Naval Group,Lorient,Non spécifié,CDD,4.1
Ingénieur Recherche et Développement H/F,Centre de Mise en Forme des Matériaux - Mines Paris,Valbonne,€29K(Employer est.),CDD,Non spécifié
Ingénieur(e) en conception et fabrication mécanique H/F,NANTES UNIVERSITE,Carquefou,€24K - €37K(Employer est.),CDD,4.0
Assistant Ingénieur en Sciences de la vie H/F,CNRS,Paris,Non spécifié,CDD,3.9
Ingénieur qualité production & méthode F/H,Safran,Plaisir,Non spécifié,CDD,3.9
Ingénieur Mécanique F/H,KNDS,Bourges,Non spécifié,CDD,3.8
Ingénieur(e) R&D mécanique / opto-mécanique / intégration,ALPHANOV,Talence,Non spécifié,CDD,4.0
Alternant Ingénieur Mécanique - Matériel (H/F),Charier,Couëron,Non spécifié,CDD,4.4
Ingénieur-e Méthodes F/H,Safran,Le Haillan,Non spécifié,CDD,3.9
Ingénieur (H/F),CNRS,Villeneuve-d'Ascq,€2K - €3K(Employer est.),CDD,3.9
Ingénieur Méthodes Industrialisation H/F,SIAM,Château-Gontier,Non spécifié,CDD,Non spécifié
Ingénieur Industrialisation H/F,Toyota Material Handling Manufacturing France SAS,Saint-Géréon,€45K - €47K(Employer est.),CDD,3.9
Ingénieur d’études ou assistant-ingénieur en Instrumentation et conception,Chaire de Biotechnologie de Centralesupelec,Pomacle,€25K - €35K(Employer est.),CDD,4.2
Ingénieur.e / Durabilité de Polymères microporeux pour le conditionnement de Liquides Organiques/ H/F,CNRS,Paris,€2K(Employer est.),CDD,3.9
Ingénieur.e matériaux composites F/H,Safran,Itteville,Non spécifié,CDD,3.9
Ingénieur Conception Mécanique / secteur spatial F/H,Axon Cable,Montmirail,€33K(Employer est.),CDD,3.1
Ingénieur Construction Navale,SEAMED FRANCE,Port-la-Nouvelle,€40K - €42K(Employer est.),CDD,Non spécifié
Stagiaire Ingénieur(e) en électronique et systèmes généraliste H/F,Xenocs,Grenoble,Non spécifié,CDD,4.3
MN2S : Ingénieur système mécatronique R&D,FEMTO-ST,Besançon,€2K - €3K(Employer est.),CDD,4.4
Ingénieur d’Études Hydrauliques / Chiffrage H/F,TELSTAR,Trappes,Non spécifié,CDD,3.9
Ingénieur(e) simulation procédés composite (H/F),IRT Jules VERNE,Nantes,Non spécifié,CDD,3.8
Ingénieur(e) Audio / Micro,Skyted,Labège,Non spécifié,CDD,4.0
Ingénieur projet maintenance H/F,DEUERER,Villeneuve-sur-Lot,Non spécifié,CDD,4.0
Ingénieur responsable intégration mécanique F/H,COMAT,Versailles,Non spécifié,CDD,3.5
Ingénieur/Ingénieure Mécanique et Thermique H/F,CEA,Grenoble,Non spécifié,CDD,4.1
Ingénieur d’études en études mécaniques (H/F),CNRS,Orsay,€2K - €3K(Employer est.),CDD,3.9
CDD - Ingénieur concepteur hydraulique pompe Turbomachines (H/F),Ariane Group,Vernon,Non spécifié,CDD,4.1
Ingénieur chimiste H/F,SATT Aquitaine,Pessac,€31K(Employer est.),CDD,Non spécifié
Ingénieur Mécanique H/F,CEA,Bagnols-sur-Cèze,Non spécifié,CDD,4.1
Ingénieur(e) Génie Industriel,Rio Tinto,Voreppe,Non spécifié,CDI,4.0
Ingénieur industriel (F/H),Roxel,Bourges,€39K(Employer est.),CDI,3.3
Ingénieur bureau d'études H/F,DELTA BOX,Douai,€34K - €38K(Employer est.),CDI,Non spécifié
ingénieur logiciel C embarqué,REII,Toulouse,€40K - €53K(Employer est.),CDI,Non spécifié
Ingénieur industriel / méthodes,STEP UP,Toulouse,€40K - €45K(Employer est.),CDI,4.0
Ingénieur généraliste junior,Fives,Givors,Non spécifié,CDI,3.7
Ingénieur Gestion de Projet F/H,CLEARSY,Paris,€40K - €80K(Employer est.),CDI,4.0
Ingénieur validation de données F/H,CLEARSY,Aix-en-Provence,€31K - €70K(Employer est.),CDI,4.0
Ingénieur essais vibro-acoustiques aéronautiques - H/F,AVNIR Engineering,Istres,€34K(Employer est.),CDI,4.8
Ingénieur Méthode Industrialisation F/H,Exxelia,Marmoutier,Non spécifié,CDI,3.1
Ingénieur chargé d'études H/F,EIFFAGE ENERGIE SYSTEME,Le Mans,€38K - €40K(Employer est.),CDI,3.8
Ingénieur hygiène industrielle et radioprotection (F/M/X),Solvay,La Rochelle,€47K - €59K(Employer est.),CDI,4.0
Ingénieur process matériaux composites - H/F,AVNIR Engineering,Suresnes,€43K(Employer est.),CDI,4.8
Un/e Ingénieur/e Process Industriel (F/H),Garnier-Thiebaut,Gérardmer,Non spécifié,CDI,3.5
Ingénieur qualité / amélioration continue,ETS MOULIN,Novillers,€36K - €38K(Employer est.),CDI,2.8
Ingénieur ou Ingénieure Amélioration continue,SNCF Cadres,Lille,€45K - €55K(Employer est.),CDI,3.9
Ingénieur Calcul Pipestress F/H,B-HIVE,Aix-en-Provence,Non spécifié,CDI,4.2
Ingénieur,CLEARSY,Lyon,€30K - €50K(Employer est.),CDI,4.0
ingénieur basic software / logiciel bas niveau,REII,Toulouse,€38K - €55K(Employer est.),CDI,Non spécifié
Ingénieur(e) Développement logiciel C Embarqué (F/H),Consept,Élancourt,€40K - €50K(Employer est.),CDI,3.0
Ingénieur R&D H/F,KAIHROS CONSULTING,Aigues-Mortes,Non spécifié,CDI,Non spécifié
Ingénieur R&D (H/F),Alfa Laval,Élancourt,€50K(Employer est.),CDI,Non spécifié
Ingénieur projet H/F,Cabinet Vizionère,Thonon-les-Bains,€45K - €50K(Employer est.),CDI,Non spécifié
Ingénieur Dépollution démolition désamiantage Industriel,elleboss,Paris,€40K - €65K(Employer est.),CDI,1.0
Ingénieur d'affaire H/F,Acaly,Paris,€40K(Employer est.),CDI,Non spécifié
Ingénieur Développement Logiciel H/F,CLEARSY,Aix-en-Provence,€30K(Employer est.),CDI,4.0
Ingénieur R&D - Génie industriel H/F,ENVEA,Poissy,Non spécifié,CDI,5.0
INGÉNIEUR DÉVELOPPEMENT LOGICIEL EMBARQUÉ H/F,JNOV TECH,Toulouse,€32K - €42K(Employer est.),CDI,Non spécifié
Ingénieur calcul H/F,Sophia Engineering,Courbevoie,€42K - €44K(Employer est.),CDI,4.1
"Ingénieur Gouvernance, Risque et Conformité (GRC) - Montpellier (H/F)",EPSYL MONTPELLIER,Montpellier,€35K - €50K(Employer est.),CDI,3.4
Ingénieur Développement Informatique Junior H/F,ENVEA,Poissy,Non spécifié,CDD,5.0
Ingénieur Lean Manufacturing – Amélioration Continue H/F,Oberthur Fiduciaire,Rennes,Non spécifié,CDD,3.0
Ingénieur Méthodes Industrialisation H/F,SIAM,Château-Gontier,Non spécifié,CDD,Non spécifié
Ingénieur Amélioration Continue F/H,InVivo,Prouvy,Non spécifié,CDD,3.7
Ingénieur Méthodes et procédés,STEP UP,Aire-sur-l'Adour,€40K - €45K(Employer est.),CDD,4.0
Ingénieur Industrialisation H/F,Toyota Material Handling Manufacturing France SAS,Saint-Géréon,€45K - €47K(Employer est.),CDD,3.9
Ingénieur Industriel - F/H,JUNGHANS T2M SAS,La Ferté-Saint-Aubin,Non spécifié,CDD,5.0
Ingénieur d’études ou assistant-ingénieur en Instrumentation et conception,Chaire de Biotechnologie de Centralesupelec,Pomacle,€25K - €35K(Employer est.),CDD,4.2
Ingénieur Logiciel en Systèmes Embarqués sur SoC,ISAE Supaero,Toulouse,€35K - €41K(Employer est.),CDD,4.6
Ingénieur Industrialisation (F/H),Luxium Solutions,Gières,Non spécifié,CDD,4.5
Ingénieur Qualité (F/H),THERMI LOIRE,Andrézieux-Bouthéon,€33K - €45K(Employer est.),CDD,4.1
Ingénieur Qualité H/F,Coopérative U,Rungis,Non spécifié,CDD,3.7
Ingénieur(e) matériaux / traitement de données scientifiques H/F,Laboratoire National de Métrologie et d'Essais (LNE),Trappes,Non spécifié,CDD,3.9
Chargé d'études en ICPE - Ingénieur Environnement et Risques Industriels (H/F),GES,Rennes,€30K - €34K(Employer est.),CDD,3.8
Ingénieur R&D : développement d’algorithmes d’apprentissage statistique,Eurobios,Cachan,Non spécifié,CDD,3.7
Ingénieur en électronique et informatique industrielle H/F,SATT AxLR,Montpellier,Non spécifié,CDD,4.2
Ingénieur Avant Projet H/F,Fives,Villeneuve-d'Ascq,Non spécifié,CDD,3.7
Ingénieur Sécurité H/F,PAVATEX,Golbey,€35K - €45K(Employer est.),CDD,Non spécifié
Chargé d'études - Ingénieur en traitement de l'eau - H/F,GES,Laon,Non spécifié,CDD,3.8
Ingénieur.e 4.0 (H/F),Université d'Evry,Évry,Non spécifié,CDD,3.7
Ingénieur.e environnement,SOITEC-fr,Bernin,Non spécifié,CDD,3.7
Ingénieur R&D Développement Produits (H/F) CDD 6 mois Brignais (69- prox Lyon),Lactalis,Brignais,Non spécifié,CDD,3.8
Ingénieur Energie CDI/CDD (F/H) JOUY 89,Eurial Ultra Frais,Jouy-le-Moutier,€40K - €45K(Employer est.),CDD,4.4
Ingénieur Informatique industrielle H/F,PRODITEC,Pessac,€33K(Employer est.),CDD,4.0
Ingénieur Industrialisation H/F,CORDENPHARMA CHENOVE,Dijon,€35K - €45K(Employer est.),CDD,3.3
Ingénieur Procédés H/F,ASYMPTOTE Project Management,Lacq,€35K - €50K(Employer est.),CDD,3.5
Assistant Ingénieur RMN (H/F),CNRS,Villeurbanne,€2K(Employer est.),CDD,3.9
Ingénieur SSE F/H,Safran,Méru,Non spécifié,CDD,3.9
Ingénieur Valorisation Energétique CDD (F/H),SUEZ,Gonfreville-l'Orcher,Non spécifié,CDD,3.8
Ingénieur-e Développement Procédés Textile F/H,Safran,Itteville,Non spécifié,CDD,3.9
Ingénieur qualité automobile H/F,Cabinet Vizionère,Thonon-les-Bains,Non spécifié,CDI,Non spécifié
Ingénieur électronique H/F - Essais automobile,NBtech,Gaillon,€35K - €40K(Employer est.),CDI,3.6
Ingénieur Automobile H/F - Electronique & Liaison au sol,NBtech,Gaillon,€35K - €40K(Employer est.),CDI,3.6
Ingénieur développement logiciel embarqué H/F,Médiane Système,Vernon,€35K - €45K(Employer est.),CDI,3.9
INGÉNIEUR SYSTÈME AUTOMOBILE (H/F/X),IT link,Paris,€35K - €40K(Employer est.),CDI,4.2
Ingénieur Modélisation F/H,Protectic,Paris,Non spécifié,CDI,3.2
Ingénieur Vision par Ordinateur – Algorithmes d'Odométrie Visuelle H/F,LR Technologies,Paris,€42K - €52K(Employer est.),CDI,3.5
Ingénieur matériaux polymères / composites,Energeo Technologies,Saint-Rémy-lès-Chevreuse,€37K - €46K(Employer est.),CDI,3.5
Ingénieur Cybersécurité Automobile,LR Technologies,Les Ulis,€45K - €60K(Employer est.),CDI,3.5
ingénieur logiciel embarqué médical,REII,Marseille,€40K - €60K(Employer est.),CDI,Non spécifié
Ingénieur Simulation - Automobile,XS GROUPE,Lyon,€40K - €47K(Employer est.),CDI,3.2
Ingénieur sûreté de fonctionnement automobile ISO26262 (H/F),SECTOR Group,Villebon-sur-Yvette,€35K(Employer est.),CDI,Non spécifié
Ingénieure / Ingénieur Logiciel Embarqué Automobile - Strasbourg,Capgemini Engineering,Strasbourg,Non spécifié,CDI,3.5
Ingénieur Qualité Projet Automobile F/H,Agap2 France,Boulogne-Billancourt,€30K - €50K(Employer est.),CDI,3.3
Ingénieur conception mécanique Solidworks,Energeo Technologies,Saint-Rémy-lès-Chevreuse,€38K - €43K(Employer est.),CDI,3.5
Ingénieur Process H/F,GEKATEX,La Chapelle-d'Armentières,€35K - €45K(Employer est.),CDI,4.0
Ingénieur définition outils logiciels – Secteur Automobile (F/H),Dassault Systèmes,Vélizy-Villacoublay,Non spécifié,CDI,4.0
Ingénieur conception mécanique – Pertuis (H/F),EPSYL AIX,Pertuis,€35K - €45K(Employer est.),CDI,3.4
Ingénieur/Ingénieure Validation Automobile Belfort,Capgemini Engineering,Belfort,Non spécifié,CDI,3.5
Ingénieur Système Embarqué - Automobile - Lyon H/F,Ecm-Engineering-Conception-Maintenance,Lyon,€42K - €47K(Employer est.),CDI,3.7
Ingénieur Instrumentation – Rousset (H/F),EPSYL AIX,Rousset,€40K - €50K(Employer est.),CDI,3.4
Ingénieur Electronique Embarqué H/F,Rhéobie,Savigny,€36K - €60K(Employer est.),CDI,Non spécifié
Ingénieur des exigences logicielles automobile F/H,Capgemini Engineering,Paris,Non spécifié,CDI,3.5
Ingénieur Amélioration Continue H/F,INGENICS SAS,Molsheim,€33K - €45K(Employer est.),CDI,Non spécifié
Ingénieur génie des matériaux F/H,KADRA Consultants,Saint-Priest,€42K - €50K(Employer est.),CDI,Non spécifié
Ingénieur Logiciel Embarqué Kernel Linux H/F,Médiane Système,Paris,Non spécifié,CDI,3.9
Ingénieur Conception - Automobile - Lyon H/F,Ecm-Engineering-Conception-Maintenance,Lyon,€38K - €50K(Employer est.),CDI,3.7
Ingénieur méthode /Industrialisation F/H,KADRA Consultants,Toulon,€37K(Employer est.),CDI,Non spécifié
Ingénieur Mécatronique - Automobile - Lyon H/F,Ecm-Engineering-Conception-Maintenance,Saint-Priest,€45K - €52K(Employer est.),CDI,3.7
Ingénieur Essais en laboratoire H/F,Médiane Système,Guyancourt,Non spécifié,CDI,3.9
Ingénieur automobile (H/F),Université Claude Bernard Lyon 1,Villeurbanne,Non spécifié,CDD,3.9
Ingénieur Electronique,Aketys,Palaiseau,Non spécifié,CDD,5.0
Ingénieur bureau d’études techniques - électricité industrielle (F/H),Eiffage Énergie Systèmes,Vichy,Non spécifié,CDD,3.7
Ingénieur Essais Vibratoires H/F,Expleo,Laval,€30K(Employer est.),CDD,3.1
Ingénieur Qualité Fournisseurs en développement électronique F/H,Sanden Manufacturing Europe,Rennes,Non spécifié,CDD,3.5
CDD - 18 MOIS - INGENIEUR QUALITE OPERATIONNELLE - H/F,Hermès Paris,Le Vaudreuil,Non spécifié,CDD,4.0
INGENIEUR ELECTRIQUES (H/F),Getinge,Toulouse,Non spécifié,CDD,3.5
CHEF DE PROJETS DEVELOPPEMENT (H/F) - CDI,AdhexPharma,Chenôve,Non spécifié,CDD,3.0
Technicien de Production - Traitement de surface F/H,Axon Cable,Montmirail,€26K(Employer est.),CDD,3.1
CHEF DE PROJETS DEVELOPPEMENT (H/F) - CDD (6 mois minimum),AdhexPharma,Chenôve,Non spécifié,CDD,3.0
Dessinateur métreur,Centre hospitalier Joseph Imbert,Arles,Non spécifié,CDD,5.0
STAGE - Gestionnaire d'Actifs - F/H,Banque Populaire du Nord,Marcq-en-Baroeul,Non spécifié,CDI,3.9
Téléconseiller Assurance Maladie H/F,CPAM DE LA HAUTE-VIENNE,Limoges,€2K(Employer est.),CDI,3.5
Téléconseiller(e) - Service d'Information Téléphonique Saint-Etienne,CPAM DE LA LOIRE,Saint-Étienne,€2K(Employer est.),CDI,3.5
SAISONNIERS EMPLOYÉ POLYVALENT MAGASIN H/F LE MANS,SMYTHS TOYS FRANCE,La Chapelle-Saint-Aubin,Non spécifié,CDI,3.7
Téléconseiller en assurance H/F,Owliance - Tessi,Reims,€2K(Employer est.),CDI,2.6
Téléconseiller(e) - Service d'Information Téléphonique Saint-Etienne,CPAM DE LA LOIRE,Saint-Étienne,€2K(Employer est.),CDD,3.5
Chargé d'études SIG Junior / FTTH H/F,NOVA Technology,Nantes,€24K - €28K(Employer est.),CDD,3.3
SAISONNIERS EMPLOYÉ POLYVALENT MAGASIN H/F LE MANS,SMYTHS TOYS FRANCE,La Chapelle-Saint-Aubin,Non spécifié,CDD,3.7
Téléconseiller en assurance H/F,Owliance - Tessi,Reims,€2K(Employer est.),CDD,2.6
TECHNICIEN CONSEIL ASSURANCE MALADIE H/F,CPAM DE LA SEINE-SAINT-DENIS,Le Raincy,€2K(Employer est.),CDD,3.5
Assistant Social Media Manager - stage 2 à 6 mois.,iara.,Paris,€2K(Employer est.),CDI,Non spécifié
Stage Community Manager H/F,InnovQube,Télétravail,€1(Employer est.),CDI,4.0
Stage - Webmarketing & Community Manager H/F,Monsieur TSHIRT,Paris,€800(Employer est.),CDI,4.3
Stage Community Manager H/F PARIS • Stage,Galeries Lafayette,Paris,€1K(Employer est.),CDI,4.0
Stage manager des réseaux sociaux,Miss Nigelle,Télétravail,€1(Employer est.),CDI,Non spécifié
Assistant Social Media Manager - stage 2 à 6 mois.,iara.,Paris,€2K(Employer est.),CDD,Non spécifié
Stage Community Manager H/F,InnovQube,Télétravail,€1(Employer est.),CDD,4.0
Stage - Webmarketing & Community Manager H/F,Monsieur TSHIRT,Paris,€800(Employer est.),CDD,4.3
Stage Community Manager H/F PARIS • Stage,Galeries Lafayette,Paris,€1K(Employer est.),CDD,4.0
Stage manager des réseaux sociaux,Miss Nigelle,Télétravail,€1(Employer est.),CDD,Non spécifié
Ingénieur Financier (f/m/d),HSBC,Paris,Non spécifié,CDI,3.9
Ingénieur Gestion de Projet F/H,CLEARSY,Paris,€40K - €80K(Employer est.),CDI,4.0
AUDITEUR INTERNE ET ANALYSTE FINANCIER (F/H),Département de l'Isère,Rue,€3K(Employer est.),CDI,4.2
Ingénieur d'affaire H/F,Acaly,Paris,€40K(Employer est.),CDI,Non spécifié
Ingénieur Test et Validation H/F,CLEARSY,Strasbourg,€30K - €70K(Employer est.),CDI,4.0
Ingénieur d'études hydrauliques,Extia Ingenierie,Paris,Non spécifié,CDI,4.3
Ingénieur Méthodes Industrialisation H/F,HENSOLDT France,Plaisir,€45K(Employer est.),CDI,3.9
Assistant(e) Ingénieur(e) Efficacité Énergétique,KALLPA ENERGIE SOLUTIONS,Paris,€13K(Employer est.),CDI,Non spécifié
Ingénieur-e industrialisation injection plastique F/H,Safran,Plaisir,Non spécifié,CDI,3.9
Ingénieur d'études Sites et Sols Pollués Confirmé (SSP) H/F,EnvirEauSol,Erstein,€30K - €33K(Employer est.),CDI,Non spécifié
Ingénieur Méthodes Maintenance F/H,EIFFAGE ENERGIE SYSTEMES,Toulouse,Non spécifié,CDI,3.8
Ingénieur CFO/CFA H/F,PARELLA,Reims,Non spécifié,CDI,4.0
Ingénieur stratégie Énergie-Carbone – (H/F),Briks Recruitment,Paris,€40K - €47K(Employer est.),CDI,Non spécifié
Ingénieur / Ingénieure R&D,Groupe Avril,Grand-Couronne,Non spécifié,CDI,4.1
CDI - Ingénieur Calculs - (H/F),Naval Group,Cherbourg-Octeville,Non spécifié,CDI,4.1
Business Developer H/F - Ingénieur d'affaires,AFTERDATA,Paris,€60K - €80K(Employer est.),CDI,5.0
Ingénieur efficacité énergétique F/H,EIFFAGE ENERGIE SYSTEMES,Pessac,Non spécifié,CDI,3.8
Ingénieur Financier H/F,Crédit Agricole Assurances,Paris,Non spécifié,CDI,3.8
Ingénieur en efficacité énergétique H/F,Urbaser Environnement,Paris,€60K(Employer est.),CDI,3.6
Ingénieur mécanique H/F,HENSOLDT France,Plaisir,€45K(Employer est.),CDI,3.9
Ingénieur Génie des Procédés,TMC FRANCE PARIS,Paris,€45K(Employer est.),CDI,4.0
Ingénieur d'affaires,NAVA ENGINEERING,Beauvais,€27K - €35K(Employer est.),CDI,Non spécifié
Ingénieur Etudes Installation Générale F/H,Orano,Bordeaux,Non spécifié,CDI,4.0
Ingénieur d'études photovoltaïque F/H,Soltea,Bordeaux,Non spécifié,CDI,Non spécifié
Ingénieur Mécanique Junior F/H,Preysta Nord,Valenciennes,Non spécifié,CDI,Non spécifié
Ingénieur Matériaux F/H,Orano,Bagnols-sur-Cèze,Non spécifié,CDI,4.0
Ingénieur d’études PV (H/F),Verso Energy,Paris,Non spécifié,CDI,Non spécifié
Ingénieur VRD (Ingénieur d'études VRD),Potentia Technologies,Montpellier,€35K - €55K(Employer est.),CDI,2.0
Ingénieur Validation Logicielle H/F,CLEARSY,Lyon,€30K - €70K(Employer est.),CDI,4.0
Ingénieur R&D Revêtements Organiques,Saint Gobain,Maidières,Non spécifié,CDI,4.1
"Ingénieur d’étude H/F en biologie cellulaire, moléculaire et biochimie",CNRS,Nice,€2K - €3K(Employer est.),CDD,3.9
Ingénieur Projets Européens ASDESR H/F,Université de Lille,Lille,€25K - €38K(Employer est.),CDD,4.3
"Ingénieur·e en production, traitement et analyse de données H/F",Université de Lille,Villeneuve-d'Ascq,Non spécifié,CDD,4.3
Ingénieur Biomédical H/F,CENTRE HOSPITALIER VERDUN/SAINT-MIHIEL,Verdun,€2K - €3K(Employer est.),CDD,3.5
Assistant administratif H/F,Chatillon Architectes,Paris,€3K(Employer est.),CDD,Non spécifié
Assistant(e) administratif,DATTERBERG filiale GROUPE TABATABAI,Meyreuil,€24K - €28K(Employer est.),CDD,2.2
Ingénieur d’étude en analyse chimique (H/F),CNRS,Villeurbanne,€2K(Employer est.),CDD,3.9
Ingénieur(e) d'Affaires Grands Comptes,TotalEnergies,Paris,Non spécifié,CDD,4.0
Gestionnaire administratif et financier H/F),CNRS,Toulouse,€2K(Employer est.),CDD,3.9
Responsable financier et budgétaire - Inspé F/H,UPEC,Bonneuil-sur-Marne,€2K - €5K(Employer est.),CDD,3.7
Ingénieur(e) d’étude en biologie cellulaire,Université Grenoble Alps,La Tronche,€2K(Employer est.),CDD,Non spécifié
Assistant ingénieur en instrumentation et techniques expérimentales (H/F),Université Claude Bernard Lyon 1,Villeurbanne,€2K(Employer est.),CDD,3.9
Ingénieur d’Étude - Étude de la communication vocale chez les Mangabey (H/F),CNRS,Bron,€2K - €3K(Employer est.),CDD,3.9
Ingénieur de projets européens - Montage de projets (H/F),CNRS,Marseille,€2K(Employer est.),CDD,3.9
"CDD- Ingénieur d'études fonctionnelles (mécanique, électrotechnique et fluides) sur drones H/F",Naval Group,Lorient,Non spécifié,CDD,4.1
Ingénieur en techniques expérimentales en génie des procédés/énergie (f/h),Université Grenoble Alpes,Gières,€2K(Employer est.),CDD,4.1
Ingénieur-e d’études en instrumentation et pilotage d’essais H/F,INSA TOULOUSE,Toulouse,€2K - €3K(Employer est.),CDD,4.3
SIEGE Ingénieur Biomédical H/F,La Chaine de l'Espoir,Paris,Non spécifié,CDD,3.7
Gestionnaire administratif et financier H/F,INSERM_ Plateforme RaDiCo,Ivry-sur-Seine,€2K - €3K(Employer est.),CDD,Non spécifié
Ingénieur·e en techniques expérimentales H/F,Université de Lille,Tourcoing,€3K(Employer est.),CDD,4.3
Alternant/e Modélisation Financière H/F,Institut Pasteur,Paris,Non spécifié,CDD,4.1
[UT] Assistant.e Ingénieur.e du groupe régional d’experts sur le changement climatique d’Occitanie (GREC-O) (H/F),Université fédérale Toulouse Midi-Pyrénées,Toulouse,Non spécifié,CDD,3.5
Coordinateur·trice RH,Inserm,Paris,€2K - €3K(Employer est.),CDD,3.6
Gestionnaire Financier H/F à Grenoble,Inria,Grenoble,Non spécifié,CDD,4.3
Responsable du pôle financier - F/H (H/F),Université Sorbonne Paris Nord,Villetaneuse,€2K(Employer est.),CDD,4.3
Assistant en charge du pilotage budgétaire et de gestion financière - h/f,Inserm,Paris,€2K - €3K(Employer est.),CDD,3.6
PH13870 Gestionnaire financier et administratif,Université Paris Cité,Paris,Non spécifié,CDD,3.3
Chargé de développement économique - Environnement,Artisanat,Verdun,€2K(Employer est.),CDD,3.1
Ingénieur projet,TAFINAR,Lyon,Non spécifié,CDD,Non spécifié
Ingénieur.e de recherche en Instrumentation scientifique H/F,NANTES UNIVERSITE,Nantes,€26K - €42K(Employer est.),CDD,4.0
Assistant Social Media Manager - stage 2 à 6 mois.,iara.,Paris,€2K(Employer est.),CDI,Non spécifié
Stage Community Manager H/F,InnovQube,Télétravail,€1(Employer est.),CDI,4.0
Stage - Webmarketing & Community Manager H/F,Monsieur TSHIRT,Paris,€800(Employer est.),CDI,4.3
Stage Assistant(e) Manager Logistique,Kumo,Gennevilliers,Non spécifié,CDI,2.3
Stage community manager H/F 100% télétravail (2 mois),DJOSSYE,Télétravail,Non spécifié,CDI,Non spécifié
Assistant Social Media Manager - stage 2 à 6 mois.,iara.,Paris,€2K(Employer est.),CDD,Non spécifié
Stage Community Manager H/F,InnovQube,Télétravail,€1(Employer est.),CDD,4.0
Stage - Webmarketing & Community Manager H/F,Monsieur TSHIRT,Paris,€800(Employer est.),CDD,4.3
Stage Community Manager H/F PARIS • Stage,Galeries Lafayette,Paris,€1K(Employer est.),CDD,4.0
Stage manager des réseaux sociaux,Miss Nigelle,Télétravail,€1(Employer est.),CDD,Non spécifié
Ingénieur.e Data Scientist H/F,Sagemcom,France,Non spécifié,CDI,3.5
Data Scientist / Machine Learning Engineer H/F,AIR FRANCE KLM,Roissy-en-France,Non spécifié,CDI,4.1
Ingénieur.e – Data Scientist Fabrication Additive F/H,Safran,Le Haillan,Non spécifié,CDI,3.9
Ingénieur R&D Data Science,NANOZ,Rousset,Non spécifié,CDI,Non spécifié
Ingénieur Data Analyst H/F,UEM,Metz,€43K - €50K(Employer est.),CDI,4.5
Ingénieur-e Analyse Data industrielles F/H,Safran,Domérat,Non spécifié,CDI,3.9
Ingénieur-e data science et traitement du signal F/H,Safran,Réau,Non spécifié,CDI,3.9
Data Scientist/Engineer - EIR (Entrepreneur in Residence),Founders Hub France,Télétravail,€40K - €80K(Employer est.),CDI,5.0
Ingénieur-e analyste des données de vols et des services,Safran,Gonfreville-l'Orcher,Non spécifié,CDI,3.9
Data Engineer/Analyste - Niort,K-Lagan,Niort,Non spécifié,CDI,3.5
Data Engineer/Business Analyst (F/H),AXA,Nanterre,Non spécifié,CDI,4.0
Ingénieur Analyste de Données - H/F,Groupe hospitalier Pellegrin,Bordeaux,Non spécifié,CDI,3.2
Data Analyst / Analytics Engineer (H/F),CleverConnect,Paris,Non spécifié,CDI,3.9
Data Engineer/Data Analyst,AXA,Paris,Non spécifié,CDI,4.0
Data Scientist / Engineer F/H/X,amaris,Levallois-Perret,Non spécifié,CDI,3.6
Data Engineer/Analyst confirmé/sénior,KOMEET TECHNOLOGIES,Paris,€40K - €60K(Employer est.),CDI,Non spécifié
Lead ML Engineer (DataScientist) - Aix en Provence,Gojob,Aix-en-Provence,Non spécifié,CDI,3.8
Research Engineer/Postdoc - Bioinformatics and Data Analysis (M/F) H/F,Institut Imagine,Paris,Non spécifié,CDD,3.8
Data Scientist F/H,Safran,Magny-les-Hameaux,Non spécifié,CDD,3.9
Stage R&D- Ingénieur Data Science ou Informatique (H/F),Diagnostica Stago,Gennevilliers,Non spécifié,CDD,3.4
Data Scientist H/F,KPMG,Courbevoie,€47K(Employer est.),CDD,Non spécifié
Data Scientist H/F,Galois & Co.,Levallois-Perret,€45K - €75K(Employer est.),CDD,Non spécifié
Stage Data Science H/F PARIS • Stage,Galeries Lafayette,Paris,€1K(Employer est.),CDD,4.0
Ingénieur Logiciel Embarqué H/F,SYT Technologies,Morières-lès-Avignon,€40K - €50K(Employer est.),CDI,5.0
Ingénieur Test et Validation H/F,CLEARSY,Paris,€30K - €50K(Employer est.),CDI,4.0
INGÉNIEUR LOGICIEL EMBARQUÉ (F/H/X),IT link,Paris,€38K - €43K(Employer est.),CDI,4.2
Ingénieur validation de données F/H,CLEARSY,Aix-en-Provence,€31K - €70K(Employer est.),CDI,4.0
Ingénieur-e Développement Logiciel Embarqué - AASM Expérimenté-e F/H,Safran,Éragny,Non spécifié,CDI,3.9
Ingénieur Conception Logiciel de Contrôle Commande F/H,Framatome,France,€40K - €55K(Employer est.),CDI,4.0
Ingénieur Tests Logiciel F/H,MBDA France,Le Plessis-Robinson,Non spécifié,CDI,4.3
Ingénieur logiciel .NET (F/H/X),AROLLA,Paris,€50K - €75K(Employer est.),CDI,3.9
Ingénieur-e Qualité Logiciel F/H,Safran,Massy,Non spécifié,CDI,3.9
Ingénieur,CLEARSY,Lyon,€30K - €50K(Employer est.),CDI,4.0
Ingénieur(e) logiciel junior systèmes électriques,Artelys,Paris,Non spécifié,CDI,4.3
Ingénieur électronique H/F,CLEARSY,Lyon,€30K - €50K(Employer est.),CDI,4.0
[ Rtone Hub ] Ingénieur Logiciel Embarqué LINUX,Rtone,Lyon,€40K - €50K(Employer est.),CDI,5.0
Ingénieur d'application H/F,BOW MEDICAL,Télétravail,Non spécifié,CDI,Non spécifié
Ingénieur-e développement logiciel embarqué temps réel F/H,Safran,Les Ulis,Non spécifié,CDI,3.9
Ingénieur d'études et développement C/C++ Embarqué F/H,CRISTAL SOLUTIONS,Cergy,€35K - €55K(Employer est.),CDI,3.3
Ingénieur-e développement logiciel temps réel embarqué expérimenté-e F/H,Safran,Massy,Non spécifié,CDI,3.9
Ingénieur Contrôle-Commande - Automatisme F/H,Edvance,Lyon,€47K - €55K(Employer est.),CDI,4.0
Ingénieur Logiciel Embarqué,Rtone,Lyon,Non spécifié,CDI,5.0
Ingénieur logiciel C/C++ / ADA (H/F),Sii,France,€40K - €45K(Employer est.),CDI,3.7
Ingénieur bâtiment,HK NRGIE,Le Blanc-Mesnil,€32K - €43K(Employer est.),CDI,Non spécifié
Ingénieur Environnement - ICPE H/F,Apave,Strasbourg,Non spécifié,CDI,3.5
Ingénieur(e) Logiciel C/C++,Alpee,Chambéry,€30K - €50K(Employer est.),CDI,3.6
INGÉNIEUR EN DÉVELOPPEMENT C/C++ TEMPS RÉEL EMBARQUÉ (H/F/X),IT link,Montpellier,€45K - €50K(Employer est.),CDI,4.2
Ingénieur en fabrication additive - H/F,IPC Centre Technique Industriel de la Plasturgie et des Composites,Oyonnax,Non spécifié,CDI,2.4
Ingénieur-e Développement Logiciel embarqué viseur optronique aéroporté F/H,Safran,Massy,Non spécifié,CDI,3.9
TLSE - ingénieur conception moules injection & outillages,AYES Consulting,Toulouse,€32K - €45K(Employer est.),CDI,3.7
Ingénieur d'études F/H,EDF Renouvelables,Montpellier,Non spécifié,CDI,4.1
Ingénieur HSE H/F,SERES TECHNOLOGIES,Béziers,€40K - €50K(Employer est.),CDI,4.2
"Ingénieur en virtualisation, stockage et sauvegarde",Cost Solutions,Paris,€75K - €85K(Employer est.),CDI,Non spécifié
Ingénieur d'études hospitalières,Hôpital Saint-Louis - APHP,Paris,€2K - €3K(Employer est.),CDD,Non spécifié
Ingénieur d’études en techniques biologiques,Inserm,Nice,Non spécifié,CDD,3.6
Assistant-e Ingénieur-e en techniques biologiques,Inserm,Toulouse,€2K(Employer est.),CDD,3.6
Chargé(e)s d'études en environnement,Sud Ouest Environnement Ingénierie Conseil,Saint-Porquier,Non spécifié,CDD,Non spécifié
Ingénieur(e) en robotique (H/F),CNRS,Nantes,€3K - €4K(Employer est.),CDD,3.9
Assistant ingénieur-développeur DevOps / assistance support (H/F),CNRS,Villefranche-sur-Mer,€2K - €3K(Employer est.),CDD,3.9
Assistant-e ingénieur-e en expérimentation et instrumentation biologiques,Inserm,Nice,Non spécifié,CDD,3.6
Ingénieur en ingenierie logicielle (H/F),CNRS,Saclay,€2K - €3K(Employer est.),CDD,3.9
Ingénieur en techniques biologiques (H/F),Inserm,Bordeaux,€2K - €4K(Employer est.),CDD,3.6
Ingénieur / ingénieure en machine learning pour l’analyse de films (H/F),CNRS,Valbonne,€2K - €3K(Employer est.),CDD,3.9
Ingénieur.e développement WEB,SOLEIL Synchrotron,Saint-Aubin,Non spécifié,CDD,3.9
Assistant-e Ingénieur-e en immunologie et biologie de l'ARN,Inserm,Toulouse,€2K(Employer est.),CDD,3.6
Secrétaire medical administratif,ACMS,Levallois-Perret,Non spécifié,CDD,4.0
Ingénieur(e) d’étude en biologie cellulaire,Université Grenoble Alps,La Tronche,€2K(Employer est.),CDD,Non spécifié
Ingénieur informatique Systèmes et réseaux F/H,Metropole Aix Marseille Provence,Marseille,Non spécifié,CDD,3.7
Ingénieur.e support - Centre Inria de l'Université de Lille - DSI-CDS (H/F),Inria,Lille,Non spécifié,CDD,4.3
ingénieur d'étude génie mécanique (H/F),CNRS,Toulouse,€2K - €3K(Employer est.),CDD,3.9
[UT] Ingénieur Système 2 (H/F),Université fédérale Toulouse Midi-Pyrénées,Toulouse,Non spécifié,CDD,3.5
Ingénieur de recherche en génie logiciel pour les modèles émergents en IA H/F,CEA,Grenoble,Non spécifié,CDD,4.1
Assistant de recherche pour des enquêtes d’épidémiologie environnementale,Inserm,Paris,€2K(Employer est.),CDD,3.6
Ingénieur.e Mécatronique,GREENOV-ITES,Nantes,€35K - €45K(Employer est.),CDD,3.6
Chercheur post-doctorant (H/F),CNRS,Paris,€3K - €4K(Employer est.),CDD,3.9
Ingénieur de Recherche en Résonance Magnétique Nucléaire F/H,Aix-Marseille Université,Marseille,Non spécifié,CDD,3.6
[UT] Assistant.e Ingénieur.e du groupe régional d’experts sur le changement climatique d’Occitanie (GREC-O) (H/F),Université fédérale Toulouse Midi-Pyrénées,Toulouse,Non spécifié,CDD,3.5
Ingénieur.e pour l'enseignement numérique pour le CIPEN,Université Gustave Eiffel,Marne-la-Vallée,Non spécifié,CDD,4.1
Coordinateur·trice RH,Inserm,Paris,€2K - €3K(Employer est.),CDD,3.6
Chargé(e) de projets européens-MER : Mission Europe Recherche,Inserm,Marseille,€2K - €4K(Employer est.),CDD,3.6
SECRETAIRE MEDICAL F/H en CDD,ACMS,Paris,€2K(Employer est.),CDD,4.0
Assistant-e de gestion financière,Inserm,Paris,€2K(Employer est.),CDD,3.6
Ingénieur.e de valorisation de la recherche en sciences humaines et sociales,Université Gustave Eiffel,Marne-la-Vallée,Non spécifié,CDD,4.1
Ingénieur développeur full stack Atelier B H/F,CLEARSY,Aix-en-Provence,€30K - €70K(Employer est.),CDI,4.0
Ingénieur Full Stack React sur AWS,Pixstart SAS,Toulouse,€38K - €48K(Employer est.),CDI,Non spécifié
Développeur informatique Full Stack Junior F/H,Groupe Laboratoires Dubernet,Montredon-des-Corbières,€30K - €35K(Employer est.),CDI,Non spécifié
Développeur Full Stack H/F,AgreenCulture,Toulouse,€40K(Employer est.),CDI,Non spécifié
Développeur Java Full Stack F/H,Safran,Magny-les-Hameaux,Non spécifié,CDI,3.9
Ingénieur Full Stack Java - (H/F/X),Arolla,France,€55K - €75K(Employer est.),CDI,3.9
Ingénieur full stack (F/H),Oktogone Group,Antibes,Non spécifié,CDI,3.6
Ingénieur Full Stack F/H,Protectic,Bièvres,Non spécifié,CDI,3.2
Ingénieur développeur Full Stack Java/J2EE (H/F) – transformez l’interface utilisateur chez 4D CONCEPT !,4DCONCEPT,Montigny-le-Bretonneux,Non spécifié,CDI,4.5
Ingénieur-e Full-Stack Expérimenté F/H,Safran,Cesson-Sévigné,Non spécifié,CDI,3.9
Développeur Full Stack H/F,BoatOn,Talence,€32K - €62K(Employer est.),CDI,Non spécifié
Ingénieur étude et développement Full-Stack H/F,Cleeven Se,Biot,€25K - €40K(Employer est.),CDI,3.3
Développeuse / Développeur full stack JS - Mougins,Capgemini Engineering,Antibes,Non spécifié,CDI,3.5
Ingénieur Développement Full Stack (H/F),MCA GROUPE,Lyon,Non spécifié,CDI,3.7
Ingénieur d'études Full Stack Agilauto H/F,Crédit Agricole Personal Finance & Mobility,Massy,Non spécifié,CDI,3.8
Développeur Full Stack (H/F),AXEAL,Lyon,€32K - €36K(Employer est.),CDI,2.5
Développeur Full Stack H/F,Link Mobility,Riorges,Non spécifié,CDI,Non spécifié
Ingénieur développeur Full Stack Java/J2EE (H/F) – devenez le moteur technologique chez 4D CONCEPT !,4DCONCEPT,Montigny-le-Bretonneux,Non spécifié,CDI,4.5
CDI - Ingénieur Full Stack (F/H/X),Soft-Concept,Lyon,Non spécifié,CDI,2.8
Ingénieur développement logiciel full stack H/F,Incotec Software,Strasbourg,€35K - €46K(Employer est.),CDI,4.1
Ingénieur d’Etudes et Développement Full Stack H/F,Orapplis,Châtillon,Non spécifié,CDI,1.0
Ingénieur Développement Full-stack - Front-end (H/F),Dassault Systèmes,Vélizy-Villacoublay,Non spécifié,CDI,4.0
Ingénieur Web Full-Stack Python/React H/F,MyProcess,Valbonne,€40K - €70K(Employer est.),CDI,Non spécifié
Ingénieur-Développeur Full Stack – Pourvu,QOS Telecom,La Chapelle-sur-Erdre,Non spécifié,CDI,Non spécifié
Développeur-euse Logiciel Java Full Stack F/H,Safran,France,Non spécifié,CDI,3.9
Developpeur.euse full stack / IA / ML / NoCode,G-ON,Issy-les-Moulineaux,€40K(Employer est.),CDI,4.0
Ingénieur développeur Full Stack Java/J2EE (H/F) – pilotez les innovations Front et Back chez 4D CONCEPT !,4DCONCEPT,Montigny-le-Bretonneux,Non spécifié,CDI,4.5
Développeur Full Stack H/F,IADYS,Roquefort-la-Bédoule,Non spécifié,CDI,Non spécifié
Développeur Full stack H/F,EEGLE,Rennes,Non spécifié,CDI,Non spécifié
Développeur full-stack,NORD,Mougins,Non spécifié,CDI,3.6
Développeur Full Stack H/F,AgreenCulture,Toulouse,€40K(Employer est.),CDD,Non spécifié
Développeur Full-Stack confirmé - F/H,Civils de la Défense,Bruz,Non spécifié,CDD,4.2
Développeur web full stack H/F,MUTUELLE EPARGNE RETRAITE,Lyon,€40K - €50K(Employer est.),CDD,Non spécifié
Ingénieur.e développement WEB,SOLEIL Synchrotron,Saint-Aubin,Non spécifié,CDD,3.9
Développeur Full-Stack - F/H,Civils de la Défense,Bruz,Non spécifié,CDD,4.2
Ingénieur Réseaux et Sécurité H/F,AURA Paris - Association pour l’Utilisation du Rein Artificiel,Ivry-sur-Seine,€59K - €65K(Employer est.),CDI,5.0
Ingénieur Réseaux H/F,MEDIA COMMUNICATION IDF,Cergy,€40K - €50K(Employer est.),CDI,Non spécifié
Ingénieur systèmes et réseaux 100% télétravail H/F,EVOLUCARE TECHNOLOGIES,Besançon,€36K - €43K(Employer est.),CDI,2.6
Ingénieur Réseaux et Sécurité H/F,ALLIRIA,France,€50K - €65K(Employer est.),CDI,Non spécifié
Ingénieur Réseaux et Sécurité H/F,SNS SECURITY,Lyon,€55K - €65K(Employer est.),CDI,Non spécifié
Ingénieur Réseaux et Sécurité H/F,Pôle Sud,Marseille,€38K - €50K(Employer est.),CDI,4.2
INGÉNIEUR·E RÉSEAUX ET SÉCURITÉ,Komposite,Levallois-Perret,Non spécifié,CDI,5.0
Reconversion Ingénieur,kodemade,Montrouge,€32K - €38K(Employer est.),CDI,4.4
Ingénieur support réseaux et sécurité N3 H/F,NXO France,Rueil-Malmaison,€45K - €50K(Employer est.),CDI,4.0
Ingénieur réseaux (H/F),Interforum,Paris,Non spécifié,CDI,2.8
ingénieur logiciel C embarqué,REII,Toulouse,€40K - €53K(Employer est.),CDI,Non spécifié
Ingénieur Réseaux H/F,Econocom,Paris,€45K - €55K(Employer est.),CDI,3.2
Ingénieur Systèmes et Réseaux H/F,COMMUNAUTE DE COMMUNES CHINON VIENNE ET LOIRE,Avoine,€2K - €4K(Employer est.),CDI,Non spécifié
Ingénieur Réseaux H/F,LBESOFT,Paris,€40K - €50K(Employer est.),CDI,Non spécifié
INGÉNIEUR RÉSEAUX ET SÉCURITÉ H/F,SimplyCast,France,€40K - €50K(Employer est.),CDI,4.7
Ingénieur.e Réseaux H/F,Pixagility,Boulogne-Billancourt,€50K - €55K(Employer est.),CDI,3.4
"Ingénieur Support Produit (H/F) Réseaux 2G,4G et 5G",Danem People France,Paris,€40K - €45K(Employer est.),CDI,3.8
Ingénieur réseaux & sécurité,oXya,Loos,Non spécifié,CDI,3.5
Ingénieur Système & Réseaux H/F,Econocom,Toulouse,€35K - €42K(Employer est.),CDI,3.2
Ingénieur Réseaux et Sécurité H/F,Opsynet,Créteil,€40K - €50K(Employer est.),CDI,Non spécifié
Ingénieur systèmes et réseaux H/F,UTIGROUP EST,Schiltigheim,Non spécifié,CDI,3.2
Ingénieur.e réseaux et télécom,BPCE Infogérance et Technologies,Balma,Non spécifié,CDI,3.9
Ingénieur-e Réseaux Industriels F/H,Safran,Plaisir,Non spécifié,CDI,3.9
Ingénieur Systèmes et Réseaux H/F,INFORMATIS,Paris,€60K - €70K(Employer est.),CDI,3.0
Ingénieur réseaux et sécurité H/F,Eduservices,Levallois-Perret,Non spécifié,CDI,3.0
Ingénieur Systèmes et Réseaux H/F,SERENE UP,France,Non spécifié,CDI,Non spécifié
Ingénieur(e) Réseaux & Sécurité,Activium-ID,Nanterre,Non spécifié,CDI,3.9
Ingénieur réseaux et sécurité H/F,Econocom,Nantes,Non spécifié,CDI,3.2
Ingénieur Réseaux et Sécurité H/F,SPIE,Paris,Non spécifié,CDI,3.8
Ingénieur réseaux,Mindigital,Jacou,€40K - €45K(Employer est.),CDI,Non spécifié
Ingénieur réseaux et télécom (F/H),Ministère de l'europe et des affaires étrangères,Paris,€39K - €66K(Employer est.),CDD,3.9
Ingénieur informatique Systèmes et réseaux F/H,Metropole Aix Marseille Provence,Marseille,Non spécifié,CDD,3.7
Assistant ingénieur réseaux de sites H/F,Université de Lorraine,Nancy,€2K(Employer est.),CDD,4.2
Ingénieur HSE F/H,Sferis,Paris,Non spécifié,CDD,3.4
Poste Ingénieur « Développement logiciel IA »,Inria,Antibes,€3K(Employer est.),CDD,4.3
Ingénieur Système H/F,URSSAF CAISSE NATIONALE,Montreuil,Non spécifié,CDD,3.6
1 poste de Technicien Télécom et Réseaux,Etablissement Public de Santé Mentale Départementale,Prémontré,Non spécifié,CDD,Non spécifié
Ingénieur (H/F),CNRS,Rennes,€3K(Employer est.),CDD,3.9
INGÉNIEUR DU SON,Alp’Audio,Saint-Martin-d'Hères,Non spécifié,CDD,Non spécifié
Ingénieur.e développement WEB,SOLEIL Synchrotron,Saint-Aubin,Non spécifié,CDD,3.9
Assistant ingénieur-développeur DevOps / assistance support (H/F),CNRS,Villefranche-sur-Mer,€2K - €3K(Employer est.),CDD,3.9
Ingenieure / Ingénieur Qualité Système,Saint Gobain,Sermaises,€36K - €40K(Employer est.),CDD,4.1
Ingénieur salle blanche microélectronique,Ecole des Mines de Saint-Étienne,Gardanne,Non spécifié,CDD,4.3
"ALTERNANCE 3 ans – Ingénieur Système, Réseau et Sécurité – Septembre 2025 H/F",Fleury Michon,Pouzauges,Non spécifié,CDD,3.4
Ingénieur logiciel applications Web F/H,Aix-Marseille Université,Marseille,Non spécifié,CDD,3.6
Ingénieur électronicien,INSA Strasbourg,Strasbourg,€30K - €36K(Employer est.),CDD,3.6
Ingénieur bureau d’études techniques - électricité industrielle (F/H),Eiffage Énergie Systèmes,Vichy,Non spécifié,CDD,3.7
Ingénieur/Ingénieure (H/F),CNRS,Marseille,€2K - €3K(Employer est.),CDD,3.9
Ingénieur système et réseau,SECURINFOR,Neuilly-sur-Seine,€55K - €70K(Employer est.),CDD,2.7
Ingénieur(e) Sécurité SailPoint IdentityIQ,Ciorane,Paris,€52K - €60K(Employer est.),CDD,4.1
Assistant Ingénieur - Gestionnaire d’Infrastructures Informatiques,INRAE,Le Rheu,€29K(Employer est.),CDD,Non spécifié
Ingénieur en Imagerie (H/F),CNRS,Nice,€2K(Employer est.),CDD,3.9
Ingénieur réseaux internet (H/F),Economat des Armées,Pantin,Non spécifié,CDD,3.1
Administrateur·trice systèmes et réseaux - département infrastructures,Université Gustave Eiffel,Paris,Non spécifié,CDD,4.1
Administrateur systèmes Linux et réseaux (F/H),Grenoble-INP,Grenoble,€30K - €37K(Employer est.),CDD,3.9
CDD - Ingénieur exploitation des procédés,CEA,Saint-Paul-lès-Durance,Non spécifié,CDD,4.1
Ingénieur-e d’études en instrumentation et pilotage d’essais H/F,INSA TOULOUSE,Toulouse,€2K - €3K(Employer est.),CDD,4.3
Ingénieur DevOPS (H/F),ENPC,Champs-Sur-Marne,Non spécifié,CDD,3.1
Ingénieur d'exploitation informatique F/H,Eiffage APRR,Saint-Apollinaire,Non spécifié,CDD,4.2
Conducteur de travaux/Ingénieur travaux / Maître d’œuvre d’exécution,EDDA INGÉNIERIE,Paris,€35K - €55K(Employer est.),CDD,Non spécifié
Junior Project Engineer Life Sciences,ISALYS Group,Paris,Non spécifié,CDI,4.0
YACHT PROJECT ENGINEER,Palmer Johnson,France,Non spécifié,CDI,3.8
PROJECT ENGINEER,Vectrance,Paris,Non spécifié,CDI,2.4
QMS & Project Quality Engineer,Honeywell,Villers-Cotterêts,Non spécifié,CDI,4.1
Packaging Project Engineer,Filorga,Paris,Non spécifié,CDI,3.4
YACHT PROJECT ENGINEER,Palmer Johnson,France,Non spécifié,CDD,3.8
Junior Project Engineer Life Sciences,ISALYS Group,Paris,Non spécifié,CDD,4.0
PROJECT ENGINEER,Vectrance,Paris,Non spécifié,CDD,2.4
QMS & Project Quality Engineer,Honeywell,Villers-Cotterêts,Non spécifié,CDD,4.1
Packaging Project Engineer,Filorga,Paris,Non spécifié,CDD,3.4
